"TIME","GEO","SEX","UNIT","AGE","Value"
"2008","European Union (28 countries)","Total","Number","From 15 to 29 years","95,769,194"
"2008","European Union (28 countries)","Total","Number","Less than 15 years","78,939,280"
"2008","European Union (27 countries)","Total","Number","From 15 to 29 years","94,942,012"
"2008","European Union (27 countries)","Total","Number","Less than 15 years","78,271,055"
"2008","Euro area (19 countries)","Total","Number","From 15 to 29 years","61,043,866"
"2008","Euro area (19 countries)","Total","Number","Less than 15 years","51,567,016"
"2008","Euro area (18 countries)","Total","Number","From 15 to 29 years","60,358,239"
"2008","Euro area (18 countries)","Total","Number","Less than 15 years","51,069,445"
"2008","Belgium","Total","Number","From 15 to 29 years","1,979,023"
"2008","Belgium","Total","Number","Less than 15 years","1,800,455"
"2008","Bulgaria","Total","Number","From 15 to 29 years","1,484,883"
"2008","Bulgaria","Total","Number","Less than 15 years","986,900"
"2008","Czech Republic","Total","Number","From 15 to 29 years","2,123,954"
"2008","Czech Republic","Total","Number","Less than 15 years","1,472,604"
"2008","Denmark","Total","Number","From 15 to 29 years","957,783"
"2008","Denmark","Total","Number","Less than 15 years","1,009,917"
"2008","Germany (until 1990 former territory of the FRG)","Total","Number","From 15 to 29 years","14,475,194"
"2008","Germany (until 1990 former territory of the FRG)","Total","Number","Less than 15 years","11,281,696"
"2008","Estonia","Total","Number","From 15 to 29 years","287,390"
"2008","Estonia","Total","Number","Less than 15 years","198,420"
"2008","Ireland","Total","Number","From 15 to 29 years","1,073,448"
"2008","Ireland","Total","Number","Less than 15 years","907,403"
"2008","Greece","Total","Number","From 15 to 29 years","2,154,668"
"2008","Greece","Total","Number","Less than 15 years","1,618,586"
"2008","Spain","Total","Number","From 15 to 29 years","8,819,170"
"2008","Spain","Total","Number","Less than 15 years","6,682,371"
"2008","France","Total","Number","From 15 to 29 years","12,145,793"
"2008","France","Total","Number","Less than 15 years","11,835,593"
"2008","France (metropolitan)","Total","Number","From 15 to 29 years","11,757,993"
"2008","France (metropolitan)","Total","Number","Less than 15 years","11,369,872"
"2008","Croatia","Total","Number","From 15 to 29 years","827,182"
"2008","Croatia","Total","Number","Less than 15 years","668,225"
"2008","Italy","Total","Number","From 15 to 29 years","9,419,410"
"2008","Italy","Total","Number","Less than 15 years","8,257,172"
"2008","Cyprus","Total","Number","From 15 to 29 years","187,688"
"2008","Cyprus","Total","Number","Less than 15 years","141,229"
"2008","Latvia","Total","Number","From 15 to 29 years","489,041"
"2008","Latvia","Total","Number","Less than 15 years","307,074"
"2008","Lithuania","Total","Number","From 15 to 29 years","685,627"
"2008","Lithuania","Total","Number","Less than 15 years","497,571"
"2008","Luxembourg","Total","Number","From 15 to 29 years","90,056"
"2008","Luxembourg","Total","Number","Less than 15 years","87,819"
"2008","Hungary","Total","Number","From 15 to 29 years","2,029,727"
"2008","Hungary","Total","Number","Less than 15 years","1,508,802"
"2008","Malta","Total","Number","From 15 to 29 years","86,969"
"2008","Malta","Total","Number","Less than 15 years","65,550"
"2008","Netherlands","Total","Number","From 15 to 29 years","2,972,189"
"2008","Netherlands","Total","Number","Less than 15 years","2,935,724"
"2008","Austria","Total","Number","From 15 to 29 years","1,559,523"
"2008","Austria","Total","Number","Less than 15 years","1,277,210"
"2008","Poland","Total","Number","From 15 to 29 years","9,075,493"
"2008","Poland","Total","Number","Less than 15 years","5,900,878"
"2008","Portugal","Total","Number","From 15 to 29 years","1,951,370"
"2008","Portugal","Total","Number","Less than 15 years","1,643,835"
"2008","Romania","Total","Number","From 15 to 29 years","4,224,916"
"2008","Romania","Total","Number","Less than 15 years","3,372,162"
"2008","Slovenia","Total","Number","From 15 to 29 years","397,339"
"2008","Slovenia","Total","Number","Less than 15 years","280,397"
"2008","Slovakia","Total","Number","From 15 to 29 years","1,276,100"
"2008","Slovakia","Total","Number","Less than 15 years","854,321"
"2008","Finland","Total","Number","From 15 to 29 years","993,868"
"2008","Finland","Total","Number","Less than 15 years","894,590"
"2008","Sweden","Total","Number","From 15 to 29 years","1,749,006"
"2008","Sweden","Total","Number","Less than 15 years","1,541,733"
"2008","United Kingdom","Total","Number","From 15 to 29 years","12,252,384"
"2008","United Kingdom","Total","Number","Less than 15 years","10,911,043"
"2008","Iceland","Total","Number","From 15 to 29 years","70,956"
"2008","Iceland","Total","Number","Less than 15 years","65,979"
"2008","Liechtenstein","Total","Number","From 15 to 29 years","6,566"
"2008","Liechtenstein","Total","Number","Less than 15 years","5,927"
"2008","Norway","Total","Number","From 15 to 29 years","896,501"
"2008","Norway","Total","Number","Less than 15 years","907,377"
"2008","Switzerland","Total","Number","From 15 to 29 years","1,390,528"
"2008","Switzerland","Total","Number","Less than 15 years","1,176,766"
"2008","Montenegro","Total","Number","From 15 to 29 years","135,033"
"2008","Montenegro","Total","Number","Less than 15 years","121,789"
"2008","Former Yugoslav Republic of Macedonia, the","Total","Number","From 15 to 29 years","486,209"
"2008","Former Yugoslav Republic of Macedonia, the","Total","Number","Less than 15 years","377,487"
"2008","Albania","Total","Number","From 15 to 29 years",":"
"2008","Albania","Total","Number","Less than 15 years",":"
"2008","Serbia","Total","Number","From 15 to 29 years","1,449,939"
"2008","Serbia","Total","Number","Less than 15 years","1,135,060"
"2008","Turkey","Total","Number","From 15 to 29 years","18,910,444"
"2008","Turkey","Total","Number","Less than 15 years","18,642,391"
"2008","Andorra","Total","Number","From 15 to 29 years","15,743"
"2008","Andorra","Total","Number","Less than 15 years","12,155"
"2008","Belarus","Total","Number","From 15 to 29 years","2,308,246"
"2008","Belarus","Total","Number","Less than 15 years","1,421,557"
"2008","Moldova","Total","Number","From 15 to 29 years","977,124"
"2008","Moldova","Total","Number","Less than 15 years","627,860"
"2008","Russia","Total","Number","From 15 to 29 years","34,446,186"
"2008","Russia","Total","Number","Less than 15 years","20,824,221"
"2008","San Marino","Total","Number","From 15 to 29 years",":"
"2008","San Marino","Total","Number","Less than 15 years",":"
"2008","Ukraine","Total","Number","From 15 to 29 years","10,617,532"
"2008","Ukraine","Total","Number","Less than 15 years","6,501,091"
"2008","Armenia","Total","Number","From 15 to 29 years","904,302"
"2008","Armenia","Total","Number","Less than 15 years","614,018"
"2008","Azerbaijan","Total","Number","From 15 to 29 years","2,521,400"
"2008","Azerbaijan","Total","Number","Less than 15 years","1,999,900"
"2008","Georgia","Total","Number","From 15 to 29 years","1,057,186"
"2008","Georgia","Total","Number","Less than 15 years","754,963"
"2009","European Union (28 countries)","Total","Number","From 15 to 29 years","94,844,300"
"2009","European Union (28 countries)","Total","Number","Less than 15 years","78,865,826"
"2009","European Union (27 countries)","Total","Number","From 15 to 29 years","94,024,607"
"2009","European Union (27 countries)","Total","Number","Less than 15 years","78,201,806"
"2009","Euro area (19 countries)","Total","Number","From 15 to 29 years","60,548,710"
"2009","Euro area (19 countries)","Total","Number","Less than 15 years","51,692,666"
"2009","Euro area (18 countries)","Total","Number","From 15 to 29 years","59,867,909"
"2009","Euro area (18 countries)","Total","Number","Less than 15 years","51,210,990"
"2009","Belgium","Total","Number","From 15 to 29 years","1,995,772"
"2009","Belgium","Total","Number","Less than 15 years","1,814,876"
"2009","Bulgaria","Total","Number","From 15 to 29 years","1,445,844"
"2009","Bulgaria","Total","Number","Less than 15 years","977,900"
"2009","Czech Republic","Total","Number","From 15 to 29 years","2,095,739"
"2009","Czech Republic","Total","Number","Less than 15 years","1,477,058"
"2009","Denmark","Total","Number","From 15 to 29 years","973,745"
"2009","Denmark","Total","Number","Less than 15 years","1,008,086"
"2009","Germany (until 1990 former territory of the FRG)","Total","Number","From 15 to 29 years","14,363,661"
"2009","Germany (until 1990 former territory of the FRG)","Total","Number","Less than 15 years","11,139,106"
"2009","Estonia","Total","Number","From 15 to 29 years","282,110"
"2009","Estonia","Total","Number","Less than 15 years","199,680"
"2009","Ireland","Total","Number","From 15 to 29 years","1,055,849"
"2009","Ireland","Total","Number","Less than 15 years","932,111"
"2009","Greece","Total","Number","From 15 to 29 years","2,100,118"
"2009","Greece","Total","Number","Less than 15 years","1,623,556"
"2009","Spain","Total","Number","From 15 to 29 years","8,620,383"
"2009","Spain","Total","Number","Less than 15 years","6,835,322"
"2009","France","Total","Number","From 15 to 29 years","12,117,012"
"2009","France","Total","Number","Less than 15 years","11,926,424"
"2009","France (metropolitan)","Total","Number","From 15 to 29 years","11,727,926"
"2009","France (metropolitan)","Total","Number","Less than 15 years","11,461,670"
"2009","Croatia","Total","Number","From 15 to 29 years","819,693"
"2009","Croatia","Total","Number","Less than 15 years","664,020"
"2009","Italy","Total","Number","From 15 to 29 years","9,362,399"
"2009","Italy","Total","Number","Less than 15 years","8,311,483"
"2009","Cyprus","Total","Number","From 15 to 29 years","194,684"
"2009","Cyprus","Total","Number","Less than 15 years","140,718"
"2009","Latvia","Total","Number","From 15 to 29 years","474,236"
"2009","Latvia","Total","Number","Less than 15 years","304,583"
"2009","Lithuania","Total","Number","From 15 to 29 years","680,801"
"2009","Lithuania","Total","Number","Less than 15 years","481,676"
"2009","Luxembourg","Total","Number","From 15 to 29 years","92,277"
"2009","Luxembourg","Total","Number","Less than 15 years","88,593"
"2009","Hungary","Total","Number","From 15 to 29 years","1,986,614"
"2009","Hungary","Total","Number","Less than 15 years","1,492,608"
"2009","Malta","Total","Number","From 15 to 29 years","87,543"
"2009","Malta","Total","Number","Less than 15 years","64,275"
"2009","Netherlands","Total","Number","From 15 to 29 years","2,999,359"
"2009","Netherlands","Total","Number","Less than 15 years","2,923,058"
"2009","Austria","Total","Number","From 15 to 29 years","1,571,739"
"2009","Austria","Total","Number","Less than 15 years","1,261,161"
"2009","Poland","Total","Number","From 15 to 29 years","8,933,023"
"2009","Poland","Total","Number","Less than 15 years","5,829,440"
"2009","Portugal","Total","Number","From 15 to 29 years","1,904,046"
"2009","Portugal","Total","Number","Less than 15 years","1,630,985"
"2009","Romania","Total","Number","From 15 to 29 years","3,878,829"
"2009","Romania","Total","Number","Less than 15 years","3,221,916"
"2009","Slovenia","Total","Number","From 15 to 29 years","394,428"
"2009","Slovenia","Total","Number","Less than 15 years","284,054"
"2009","Slovakia","Total","Number","From 15 to 29 years","1,253,260"
"2009","Slovakia","Total","Number","Less than 15 years","839,843"
"2009","Finland","Total","Number","From 15 to 29 years","999,033"
"2009","Finland","Total","Number","Less than 15 years","891,162"
"2009","Sweden","Total","Number","From 15 to 29 years","1,784,632"
"2009","Sweden","Total","Number","Less than 15 years","1,542,402"
"2009","United Kingdom","Total","Number","From 15 to 29 years","12,377,471"
"2009","United Kingdom","Total","Number","Less than 15 years","10,959,730"
"2009","Iceland","Total","Number","From 15 to 29 years","72,501"
"2009","Iceland","Total","Number","Less than 15 years","66,584"
"2009","Liechtenstein","Total","Number","From 15 to 29 years","6,580"
"2009","Liechtenstein","Total","Number","Less than 15 years","5,846"
"2009","Norway","Total","Number","From 15 to 29 years","916,534"
"2009","Norway","Total","Number","Less than 15 years","912,216"
"2009","Switzerland","Total","Number","From 15 to 29 years","1,417,678"
"2009","Switzerland","Total","Number","Less than 15 years","1,179,744"
"2009","Montenegro","Total","Number","From 15 to 29 years","134,135"
"2009","Montenegro","Total","Number","Less than 15 years","121,106"
"2009","Former Yugoslav Republic of Macedonia, the","Total","Number","From 15 to 29 years","484,389"
"2009","Former Yugoslav Republic of Macedonia, the","Total","Number","Less than 15 years","370,215"
"2009","Albania","Total","Number","From 15 to 29 years",":"
"2009","Albania","Total","Number","Less than 15 years",":"
"2009","Serbia","Total","Number","From 15 to 29 years","1,429,630"
"2009","Serbia","Total","Number","Less than 15 years","1,120,741"
"2009","Turkey","Total","Number","From 15 to 29 years","18,960,499"
"2009","Turkey","Total","Number","Less than 15 years","18,788,587"
"2009","Andorra","Total","Number","From 15 to 29 years","15,477"
"2009","Andorra","Total","Number","Less than 15 years","12,211"
"2009","Belarus","Total","Number","From 15 to 29 years","2,277,239"
"2009","Belarus","Total","Number","Less than 15 years","1,415,055"
"2009","Moldova","Total","Number","From 15 to 29 years","976,379"
"2009","Moldova","Total","Number","Less than 15 years","609,421"
"2009","Russia","Total","Number","From 15 to 29 years","33,726,478"
"2009","Russia","Total","Number","Less than 15 years","21,092,427"
"2009","San Marino","Total","Number","From 15 to 29 years",":"
"2009","San Marino","Total","Number","Less than 15 years",":"
"2009","Ukraine","Total","Number","From 15 to 29 years","10,456,495"
"2009","Ukraine","Total","Number","Less than 15 years","6,476,188"
"2009","Armenia","Total","Number","From 15 to 29 years","905,209"
"2009","Armenia","Total","Number","Less than 15 years","601,183"
"2009","Azerbaijan","Total","Number","From 15 to 29 years","2,604,900"
"2009","Azerbaijan","Total","Number","Less than 15 years","2,014,100"
"2009","Georgia","Total","Number","From 15 to 29 years","1,049,351"
"2009","Georgia","Total","Number","Less than 15 years","749,586"
"2010","European Union (28 countries)","Total","Number","From 15 to 29 years","93,687,921"
"2010","European Union (28 countries)","Total","Number","Less than 15 years","78,973,140"
"2010","European Union (27 countries)","Total","Number","From 15 to 29 years","92,878,757"
"2010","European Union (27 countries)","Total","Number","Less than 15 years","78,312,442"
"2010","Euro area (19 countries)","Total","Number","From 15 to 29 years","59,821,826"
"2010","Euro area (19 countries)","Total","Number","Less than 15 years","51,771,741"
"2010","Euro area (18 countries)","Total","Number","From 15 to 29 years","59,156,254"
"2010","Euro area (18 countries)","Total","Number","Less than 15 years","51,301,704"
"2010","Belgium","Total","Number","From 15 to 29 years","2,003,059"
"2010","Belgium","Total","Number","Less than 15 years","1,832,234"
"2010","Bulgaria","Total","Number","From 15 to 29 years","1,403,113"
"2010","Bulgaria","Total","Number","Less than 15 years","976,188"
"2010","Czech Republic","Total","Number","From 15 to 29 years","2,039,699"
"2010","Czech Republic","Total","Number","Less than 15 years","1,493,930"
"2010","Denmark","Total","Number","From 15 to 29 years","988,433"
"2010","Denmark","Total","Number","Less than 15 years","1,001,318"
"2010","Germany (until 1990 former territory of the FRG)","Total","Number","From 15 to 29 years","14,229,949"
"2010","Germany (until 1990 former territory of the FRG)","Total","Number","Less than 15 years","11,022,634"
"2010","Estonia","Total","Number","From 15 to 29 years","276,080"
"2010","Estonia","Total","Number","Less than 15 years","201,630"
"2010","Ireland","Total","Number","From 15 to 29 years","1,015,599"
"2010","Ireland","Total","Number","Less than 15 years","953,275"
"2010","Greece","Total","Number","From 15 to 29 years","2,041,954"
"2010","Greece","Total","Number","Less than 15 years","1,627,535"
"2010","Spain","Total","Number","From 15 to 29 years","8,320,653"
"2010","Spain","Total","Number","Less than 15 years","6,933,793"
"2010","France","Total","Number","From 15 to 29 years","12,068,144"
"2010","France","Total","Number","Less than 15 years","12,007,476"
"2010","France (metropolitan)","Total","Number","From 15 to 29 years","11,682,500"
"2010","France (metropolitan)","Total","Number","Less than 15 years","11,544,011"
"2010","Croatia","Total","Number","From 15 to 29 years","809,164"
"2010","Croatia","Total","Number","Less than 15 years","660,698"
"2010","Italy","Total","Number","From 15 to 29 years","9,287,884"
"2010","Italy","Total","Number","Less than 15 years","8,342,730"
"2010","Cyprus","Total","Number","From 15 to 29 years","201,370"
"2010","Cyprus","Total","Number","Less than 15 years","140,838"
"2010","Latvia","Total","Number","From 15 to 29 years","450,550"
"2010","Latvia","Total","Number","Less than 15 years","300,294"
"2010","Lithuania","Total","Number","From 15 to 29 years","665,572"
"2010","Lithuania","Total","Number","Less than 15 years","470,037"
"2010","Luxembourg","Total","Number","From 15 to 29 years","94,255"
"2010","Luxembourg","Total","Number","Less than 15 years","89,111"
"2010","Hungary","Total","Number","From 15 to 29 years","1,953,384"
"2010","Hungary","Total","Number","Less than 15 years","1,476,856"
"2010","Malta","Total","Number","From 15 to 29 years","87,675"
"2010","Malta","Total","Number","Less than 15 years","63,274"
"2010","Netherlands","Total","Number","From 15 to 29 years","3,027,688"
"2010","Netherlands","Total","Number","Less than 15 years","2,912,911"
"2010","Austria","Total","Number","From 15 to 29 years","1,576,701"
"2010","Austria","Total","Number","Less than 15 years","1,245,167"
"2010","Poland","Total","Number","From 15 to 29 years","8,580,909"
"2010","Poland","Total","Number","Less than 15 years","5,819,140"
"2010","Portugal","Total","Number","From 15 to 29 years","1,860,722"
"2010","Portugal","Total","Number","Less than 15 years","1,617,993"
"2010","Romania","Total","Number","From 15 to 29 years","3,829,423"
"2010","Romania","Total","Number","Less than 15 years","3,206,067"
"2010","Slovenia","Total","Number","From 15 to 29 years","387,493"
"2010","Slovenia","Total","Number","Less than 15 years","287,275"
"2010","Slovakia","Total","Number","From 15 to 29 years","1,222,736"
"2010","Slovakia","Total","Number","Less than 15 years","835,211"
"2010","Finland","Total","Number","From 15 to 29 years","1,003,742"
"2010","Finland","Total","Number","Less than 15 years","888,323"
"2010","Sweden","Total","Number","From 15 to 29 years","1,815,745"
"2010","Sweden","Total","Number","Less than 15 years","1,549,442"
"2010","United Kingdom","Total","Number","From 15 to 29 years","12,446,225"
"2010","United Kingdom","Total","Number","Less than 15 years","11,017,760"
"2010","Iceland","Total","Number","From 15 to 29 years","70,898"
"2010","Iceland","Total","Number","Less than 15 years","66,494"
"2010","Liechtenstein","Total","Number","From 15 to 29 years","6,550"
"2010","Liechtenstein","Total","Number","Less than 15 years","5,881"
"2010","Norway","Total","Number","From 15 to 29 years","934,649"
"2010","Norway","Total","Number","Less than 15 years","917,725"
"2010","Switzerland","Total","Number","From 15 to 29 years","1,432,954"
"2010","Switzerland","Total","Number","Less than 15 years","1,181,221"
"2010","Montenegro","Total","Number","From 15 to 29 years","133,099"
"2010","Montenegro","Total","Number","Less than 15 years","120,969"
"2010","Former Yugoslav Republic of Macedonia, the","Total","Number","From 15 to 29 years","482,028"
"2010","Former Yugoslav Republic of Macedonia, the","Total","Number","Less than 15 years","363,457"
"2010","Albania","Total","Number","From 15 to 29 years",":"
"2010","Albania","Total","Number","Less than 15 years",":"
"2010","Serbia","Total","Number","From 15 to 29 years","1,410,417"
"2010","Serbia","Total","Number","Less than 15 years","1,109,261"
"2010","Turkey","Total","Number","From 15 to 29 years","19,023,597"
"2010","Turkey","Total","Number","Less than 15 years","18,859,334"
"2010","Andorra","Total","Number","From 15 to 29 years","14,543"
"2010","Andorra","Total","Number","Less than 15 years","12,150"
"2010","Belarus","Total","Number","From 15 to 29 years",":"
"2010","Belarus","Total","Number","Less than 15 years",":"
"2010","Moldova","Total","Number","From 15 to 29 years","970,381"
"2010","Moldova","Total","Number","Less than 15 years","595,496"
"2010","Russia","Total","Number","From 15 to 29 years","33,009,154"
"2010","Russia","Total","Number","Less than 15 years","21,400,612"
"2010","San Marino","Total","Number","From 15 to 29 years",":"
"2010","San Marino","Total","Number","Less than 15 years",":"
"2010","Ukraine","Total","Number","From 15 to 29 years","10,264,846"
"2010","Ukraine","Total","Number","Less than 15 years","6,483,560"
"2010","Armenia","Total","Number","From 15 to 29 years","900,137"
"2010","Armenia","Total","Number","Less than 15 years","595,717"
"2010","Azerbaijan","Total","Number","From 15 to 29 years","2,664,222"
"2010","Azerbaijan","Total","Number","Less than 15 years","2,030,930"
"2010","Georgia","Total","Number","From 15 to 29 years","1,047,729"
"2010","Georgia","Total","Number","Less than 15 years","756,538"
"2011","European Union (28 countries)","Total","Number","From 15 to 29 years","92,274,416"
"2011","European Union (28 countries)","Total","Number","Less than 15 years","79,035,821"
"2011","European Union (27 countries)","Total","Number","From 15 to 29 years","91,477,119"
"2011","European Union (27 countries)","Total","Number","Less than 15 years","78,380,909"
"2011","Euro area (19 countries)","Total","Number","From 15 to 29 years","58,667,558"
"2011","Euro area (19 countries)","Total","Number","Less than 15 years","51,779,944"
"2011","Euro area (18 countries)","Total","Number","From 15 to 29 years","58,038,982"
"2011","Euro area (18 countries)","Total","Number","Less than 15 years","51,325,526"
"2011","Belgium","Total","Number","From 15 to 29 years","2,033,485"
"2011","Belgium","Total","Number","Less than 15 years","1,867,297"
"2011","Bulgaria","Total","Number","From 15 to 29 years","1,361,262"
"2011","Bulgaria","Total","Number","Less than 15 years","975,131"
"2011","Czech Republic","Total","Number","From 15 to 29 years","1,983,919"
"2011","Czech Republic","Total","Number","Less than 15 years","1,521,765"
"2011","Denmark","Total","Number","From 15 to 29 years","1,005,473"
"2011","Denmark","Total","Number","Less than 15 years","995,087"
"2011","Germany (until 1990 former territory of the FRG)","Total","Number","From 15 to 29 years","13,737,128"
"2011","Germany (until 1990 former territory of the FRG)","Total","Number","Less than 15 years","10,883,634"
"2011","Estonia","Total","Number","From 15 to 29 years","268,770"
"2011","Estonia","Total","Number","Less than 15 years","204,090"
"2011","Ireland","Total","Number","From 15 to 29 years","963,542"
"2011","Ireland","Total","Number","Less than 15 years","972,098"
"2011","Greece","Total","Number","From 15 to 29 years","1,976,509"
"2011","Greece","Total","Number","Less than 15 years","1,628,254"
"2011","Spain","Total","Number","From 15 to 29 years","8,022,276"
"2011","Spain","Total","Number","Less than 15 years","7,013,699"
"2011","France","Total","Number","From 15 to 29 years","11,981,829"
"2011","France","Total","Number","Less than 15 years","12,069,361"
"2011","France (metropolitan)","Total","Number","From 15 to 29 years","11,599,756"
"2011","France (metropolitan)","Total","Number","Less than 15 years","11,609,104"
"2011","Croatia","Total","Number","From 15 to 29 years","797,297"
"2011","Croatia","Total","Number","Less than 15 years","654,912"
"2011","Italy","Total","Number","From 15 to 29 years","9,238,087"
"2011","Italy","Total","Number","Less than 15 years","8,352,200"
"2011","Cyprus","Total","Number","From 15 to 29 years","205,717"
"2011","Cyprus","Total","Number","Less than 15 years","141,318"
"2011","Latvia","Total","Number","From 15 to 29 years","426,037"
"2011","Latvia","Total","Number","Less than 15 years","294,543"
"2011","Lithuania","Total","Number","From 15 to 29 years","628,576"
"2011","Lithuania","Total","Number","Less than 15 years","454,418"
"2011","Luxembourg","Total","Number","From 15 to 29 years","96,338"
"2011","Luxembourg","Total","Number","Less than 15 years","90,043"
"2011","Hungary","Total","Number","From 15 to 29 years","1,916,660"
"2011","Hungary","Total","Number","Less than 15 years","1,457,210"
"2011","Malta","Total","Number","From 15 to 29 years","86,416"
"2011","Malta","Total","Number","Less than 15 years","62,249"
"2011","Netherlands","Total","Number","From 15 to 29 years","3,043,011"
"2011","Netherlands","Total","Number","Less than 15 years","2,907,075"
"2011","Austria","Total","Number","From 15 to 29 years","1,573,325"
"2011","Austria","Total","Number","Less than 15 years","1,234,406"
"2011","Poland","Total","Number","From 15 to 29 years","8,386,980"
"2011","Poland","Total","Number","Less than 15 years","5,804,565"
"2011","Portugal","Total","Number","From 15 to 29 years","1,813,790"
"2011","Portugal","Total","Number","Less than 15 years","1,595,173"
"2011","Romania","Total","Number","From 15 to 29 years","3,788,249"
"2011","Romania","Total","Number","Less than 15 years","3,197,519"
"2011","Slovenia","Total","Number","From 15 to 29 years","375,365"
"2011","Slovenia","Total","Number","Less than 15 years","290,853"
"2011","Slovakia","Total","Number","From 15 to 29 years","1,191,430"
"2011","Slovakia","Total","Number","Less than 15 years","831,556"
"2011","Finland","Total","Number","From 15 to 29 years","1,005,927"
"2011","Finland","Total","Number","Less than 15 years","887,677"
"2011","Sweden","Total","Number","From 15 to 29 years","1,832,544"
"2011","Sweden","Total","Number","Less than 15 years","1,564,959"
"2011","United Kingdom","Total","Number","From 15 to 29 years","12,534,474"
"2011","United Kingdom","Total","Number","Less than 15 years","11,084,729"
"2011","Iceland","Total","Number","From 15 to 29 years","70,031"
"2011","Iceland","Total","Number","Less than 15 years","66,592"
"2011","Liechtenstein","Total","Number","From 15 to 29 years","6,599"
"2011","Liechtenstein","Total","Number","Less than 15 years","5,775"
"2011","Norway","Total","Number","From 15 to 29 years","955,750"
"2011","Norway","Total","Number","Less than 15 years","921,709"
"2011","Switzerland","Total","Number","From 15 to 29 years","1,457,952"
"2011","Switzerland","Total","Number","Less than 15 years","1,190,816"
"2011","Montenegro","Total","Number","From 15 to 29 years","132,914"
"2011","Montenegro","Total","Number","Less than 15 years","119,197"
"2011","Former Yugoslav Republic of Macedonia, the","Total","Number","From 15 to 29 years","477,862"
"2011","Former Yugoslav Republic of Macedonia, the","Total","Number","Less than 15 years","358,971"
"2011","Albania","Total","Number","From 15 to 29 years",":"
"2011","Albania","Total","Number","Less than 15 years",":"
"2011","Serbia","Total","Number","From 15 to 29 years","1,351,285"
"2011","Serbia","Total","Number","Less than 15 years","1,047,776"
"2011","Turkey","Total","Number","From 15 to 29 years","18,983,016"
"2011","Turkey","Total","Number","Less than 15 years","18,878,582"
"2011","Andorra","Total","Number","From 15 to 29 years","12,963"
"2011","Andorra","Total","Number","Less than 15 years","12,095"
"2011","Belarus","Total","Number","From 15 to 29 years","2,110,210"
"2011","Belarus","Total","Number","Less than 15 years","1,413,169"
"2011","Moldova","Total","Number","From 15 to 29 years","959,216"
"2011","Moldova","Total","Number","Less than 15 years","585,549"
"2011","Russia","Total","Number","From 15 to 29 years","32,540,936"
"2011","Russia","Total","Number","Less than 15 years","21,668,300"
"2011","San Marino","Total","Number","From 15 to 29 years",":"
"2011","San Marino","Total","Number","Less than 15 years",":"
"2011","Ukraine","Total","Number","From 15 to 29 years","10,018,819"
"2011","Ukraine","Total","Number","Less than 15 years","6,495,990"
"2011","Armenia","Total","Number","From 15 to 29 years",":"
"2011","Armenia","Total","Number","Less than 15 years",":"
"2011","Azerbaijan","Total","Number","From 15 to 29 years","2,664,913"
"2011","Azerbaijan","Total","Number","Less than 15 years","2,032,456"
"2011","Georgia","Total","Number","From 15 to 29 years","1,042,427"
"2011","Georgia","Total","Number","Less than 15 years","759,768"
"2012","European Union (28 countries)","Total","Number","From 15 to 29 years","91,317,965"
"2012","European Union (28 countries)","Total","Number","Less than 15 years","79,042,272"
"2012","European Union (27 countries)","Total","Number","From 15 to 29 years","90,529,060"
"2012","European Union (27 countries)","Total","Number","Less than 15 years","78,397,105"
"2012","Euro area (19 countries)","Total","Number","From 15 to 29 years","58,045,088"
"2012","Euro area (19 countries)","Total","Number","Less than 15 years","51,752,587"
"2012","Euro area (18 countries)","Total","Number","From 15 to 29 years","57,436,138"
"2012","Euro area (18 countries)","Total","Number","Less than 15 years","51,308,526"
"2012","Belgium","Total","Number","From 15 to 29 years","2,044,677"
"2012","Belgium","Total","Number","Less than 15 years","1,885,940"
"2012","Bulgaria","Total","Number","From 15 to 29 years","1,324,481"
"2012","Bulgaria","Total","Number","Less than 15 years","979,956"
"2012","Czech Republic","Total","Number","From 15 to 29 years","1,933,767"
"2012","Czech Republic","Total","Number","Less than 15 years","1,541,241"
"2012","Denmark","Total","Number","From 15 to 29 years","1,022,790"
"2012","Denmark","Total","Number","Less than 15 years","986,458"
"2012","Germany (until 1990 former territory of the FRG)","Total","Number","From 15 to 29 years","13,705,430"
"2012","Germany (until 1990 former territory of the FRG)","Total","Number","Less than 15 years","10,773,006"
"2012","Estonia","Total","Number","From 15 to 29 years","260,906"
"2012","Estonia","Total","Number","Less than 15 years","205,608"
"2012","Ireland","Total","Number","From 15 to 29 years","909,938"
"2012","Ireland","Total","Number","Less than 15 years","989,954"
"2012","Greece","Total","Number","From 15 to 29 years","1,906,334"
"2012","Greece","Total","Number","Less than 15 years","1,626,080"
"2012","Spain","Total","Number","From 15 to 29 years","7,769,138"
"2012","Spain","Total","Number","Less than 15 years","7,076,940"
"2012","France","Total","Number","From 15 to 29 years","11,876,631"
"2012","France","Total","Number","Less than 15 years","12,130,354"
"2012","France (metropolitan)","Total","Number","From 15 to 29 years","11,501,015"
"2012","France (metropolitan)","Total","Number","Less than 15 years","11,677,062"
"2012","Croatia","Total","Number","From 15 to 29 years","788,905"
"2012","Croatia","Total","Number","Less than 15 years","645,167"
"2012","Italy","Total","Number","From 15 to 29 years","9,218,888"
"2012","Italy","Total","Number","Less than 15 years","8,325,217"
"2012","Cyprus","Total","Number","From 15 to 29 years","209,183"
"2012","Cyprus","Total","Number","Less than 15 years","142,236"
"2012","Latvia","Total","Number","From 15 to 29 years","408,250"
"2012","Latvia","Total","Number","Less than 15 years","292,162"
"2012","Lithuania","Total","Number","From 15 to 29 years","608,950"
"2012","Lithuania","Total","Number","Less than 15 years","444,061"
"2012","Luxembourg","Total","Number","From 15 to 29 years","100,335"
"2012","Luxembourg","Total","Number","Less than 15 years","89,975"
"2012","Hungary","Total","Number","From 15 to 29 years","1,829,544"
"2012","Hungary","Total","Number","Less than 15 years","1,440,290"
"2012","Malta","Total","Number","From 15 to 29 years","85,833"
"2012","Malta","Total","Number","Less than 15 years","61,658"
"2012","Netherlands","Total","Number","From 15 to 29 years","3,058,943"
"2012","Netherlands","Total","Number","Less than 15 years","2,896,659"
"2012","Austria","Total","Number","From 15 to 29 years","1,570,784"
"2012","Austria","Total","Number","Less than 15 years","1,224,134"
"2012","Poland","Total","Number","From 15 to 29 years","8,192,296"
"2012","Poland","Total","Number","Less than 15 years","5,763,034"
"2012","Portugal","Total","Number","From 15 to 29 years","1,776,906"
"2012","Portugal","Total","Number","Less than 15 years","1,572,900"
"2012","Romania","Total","Number","From 15 to 29 years","3,761,017"
"2012","Romania","Total","Number","Less than 15 years","3,184,249"
"2012","Slovenia","Total","Number","From 15 to 29 years","364,714"
"2012","Slovenia","Total","Number","Less than 15 years","294,149"
"2012","Slovakia","Total","Number","From 15 to 29 years","1,163,163"
"2012","Slovakia","Total","Number","Less than 15 years","832,572"
"2012","Finland","Total","Number","From 15 to 29 years","1,006,085"
"2012","Finland","Total","Number","Less than 15 years","888,982"
"2012","Sweden","Total","Number","From 15 to 29 years","1,838,374"
"2012","Sweden","Total","Number","Less than 15 years","1,584,270"
"2012","United Kingdom","Total","Number","From 15 to 29 years","12,581,703"
"2012","United Kingdom","Total","Number","Less than 15 years","11,165,020"
"2012","Iceland","Total","Number","From 15 to 29 years","69,679"
"2012","Iceland","Total","Number","Less than 15 years","66,283"
"2012","Liechtenstein","Total","Number","From 15 to 29 years","6,652"
"2012","Liechtenstein","Total","Number","Less than 15 years","5,765"
"2012","Norway","Total","Number","From 15 to 29 years","977,777"
"2012","Norway","Total","Number","Less than 15 years","923,575"
"2012","Switzerland","Total","Number","From 15 to 29 years","1,467,300"
"2012","Switzerland","Total","Number","Less than 15 years","1,194,649"
"2012","Montenegro","Total","Number","From 15 to 29 years","131,879"
"2012","Montenegro","Total","Number","Less than 15 years","117,610"
"2012","Former Yugoslav Republic of Macedonia, the","Total","Number","From 15 to 29 years","472,647"
"2012","Former Yugoslav Republic of Macedonia, the","Total","Number","Less than 15 years","353,725"
"2012","Albania","Total","Number","From 15 to 29 years",":"
"2012","Albania","Total","Number","Less than 15 years",":"
"2012","Serbia","Total","Number","From 15 to 29 years","1,330,613"
"2012","Serbia","Total","Number","Less than 15 years","1,036,791"
"2012","Turkey","Total","Number","From 15 to 29 years","18,848,407"
"2012","Turkey","Total","Number","Less than 15 years","18,886,575"
"2012","Andorra","Total","Number","From 15 to 29 years","12,963"
"2012","Andorra","Total","Number","Less than 15 years","12,095"
"2012","Belarus","Total","Number","From 15 to 29 years","2,059,872"
"2012","Belarus","Total","Number","Less than 15 years","1,429,631"
"2012","Moldova","Total","Number","From 15 to 29 years","943,790"
"2012","Moldova","Total","Number","Less than 15 years","577,290"
"2012","Russia","Total","Number","From 15 to 29 years",":"
"2012","Russia","Total","Number","Less than 15 years",":"
"2012","San Marino","Total","Number","From 15 to 29 years","4,654"
"2012","San Marino","Total","Number","Less than 15 years","5,071"
"2012","Ukraine","Total","Number","From 15 to 29 years","9,771,729"
"2012","Ukraine","Total","Number","Less than 15 years","6,531,531"
"2012","Armenia","Total","Number","From 15 to 29 years",":"
"2012","Armenia","Total","Number","Less than 15 years",":"
"2012","Azerbaijan","Total","Number","From 15 to 29 years","2,662,129"
"2012","Azerbaijan","Total","Number","Less than 15 years","2,052,456"
"2012","Georgia","Total","Number","From 15 to 29 years","1,034,771"
"2012","Georgia","Total","Number","Less than 15 years","761,143"
"2013","European Union (28 countries)","Total","Number","From 15 to 29 years","90,298,912"
"2013","European Union (28 countries)","Total","Number","Less than 15 years","79,080,271"
"2013","European Union (27 countries)","Total","Number","From 15 to 29 years","89,518,453"
"2013","European Union (27 countries)","Total","Number","Less than 15 years","78,443,732"
"2013","Euro area (19 countries)","Total","Number","From 15 to 29 years","57,439,246"
"2013","Euro area (19 countries)","Total","Number","Less than 15 years","51,730,098"
"2013","Euro area (18 countries)","Total","Number","From 15 to 29 years","56,842,004"
"2013","Euro area (18 countries)","Total","Number","Less than 15 years","51,293,522"
"2013","Belgium","Total","Number","From 15 to 29 years","2,050,158"
"2013","Belgium","Total","Number","Less than 15 years","1,898,072"
"2013","Bulgaria","Total","Number","From 15 to 29 years","1,281,927"
"2013","Bulgaria","Total","Number","Less than 15 years","989,989"
"2013","Czech Republic","Total","Number","From 15 to 29 years","1,881,844"
"2013","Czech Republic","Total","Number","Less than 15 years","1,560,296"
"2013","Denmark","Total","Number","From 15 to 29 years","1,040,071"
"2013","Denmark","Total","Number","Less than 15 years","977,596"
"2013","Germany (until 1990 former territory of the FRG)","Total","Number","From 15 to 29 years","13,716,665"
"2013","Germany (until 1990 former territory of the FRG)","Total","Number","Less than 15 years","10,682,903"
"2013","Estonia","Total","Number","From 15 to 29 years","252,966"
"2013","Estonia","Total","Number","Less than 15 years","206,819"
"2013","Ireland","Total","Number","From 15 to 29 years","865,562"
"2013","Ireland","Total","Number","Less than 15 years","1,004,258"
"2013","Greece","Total","Number","From 15 to 29 years","1,833,140"
"2013","Greece","Total","Number","Less than 15 years","1,615,618"
"2013","Spain","Total","Number","From 15 to 29 years","7,508,878"
"2013","Spain","Total","Number","Less than 15 years","7,089,998"
"2013","France","Total","Number","From 15 to 29 years","11,800,721"
"2013","France","Total","Number","Less than 15 years","12,193,305"
"2013","France (metropolitan)","Total","Number","From 15 to 29 years","11,430,044"
"2013","France (metropolitan)","Total","Number","Less than 15 years","11,744,769"
"2013","Croatia","Total","Number","From 15 to 29 years","780,459"
"2013","Croatia","Total","Number","Less than 15 years","636,539"
"2013","Italy","Total","Number","From 15 to 29 years","9,162,927"
"2013","Italy","Total","Number","Less than 15 years","8,348,338"
"2013","Cyprus","Total","Number","From 15 to 29 years","204,750"
"2013","Cyprus","Total","Number","Less than 15 years","141,794"
"2013","Latvia","Total","Number","From 15 to 29 years","392,612"
"2013","Latvia","Total","Number","Less than 15 years","292,316"
"2013","Lithuania","Total","Number","From 15 to 29 years","597,242"
"2013","Lithuania","Total","Number","Less than 15 years","436,576"
"2013","Luxembourg","Total","Number","From 15 to 29 years","102,890"
"2013","Luxembourg","Total","Number","Less than 15 years","91,233"
"2013","Hungary","Total","Number","From 15 to 29 years","1,806,246"
"2013","Hungary","Total","Number","Less than 15 years","1,430,865"
"2013","Malta","Total","Number","From 15 to 29 years","86,042"
"2013","Malta","Total","Number","Less than 15 years","61,319"
"2013","Netherlands","Total","Number","From 15 to 29 years","3,072,928"
"2013","Netherlands","Total","Number","Less than 15 years","2,877,922"
"2013","Austria","Total","Number","From 15 to 29 years","1,571,760"
"2013","Austria","Total","Number","Less than 15 years","1,219,363"
"2013","Poland","Total","Number","From 15 to 29 years","7,956,342"
"2013","Poland","Total","Number","Less than 15 years","5,742,871"
"2013","Portugal","Total","Number","From 15 to 29 years","1,729,988"
"2013","Portugal","Total","Number","Less than 15 years","1,550,201"
"2013","Romania","Total","Number","From 15 to 29 years","3,709,565"
"2013","Romania","Total","Number","Less than 15 years","3,139,609"
"2013","Slovenia","Total","Number","From 15 to 29 years","354,841"
"2013","Slovenia","Total","Number","Less than 15 years","298,095"
"2013","Slovakia","Total","Number","From 15 to 29 years","1,133,410"
"2013","Slovakia","Total","Number","Less than 15 years","830,576"
"2013","Finland","Total","Number","From 15 to 29 years","1,001,766"
"2013","Finland","Total","Number","Less than 15 years","891,392"
"2013","Sweden","Total","Number","From 15 to 29 years","1,840,840"
"2013","Sweden","Total","Number","Less than 15 years","1,611,859"
"2013","United Kingdom","Total","Number","From 15 to 29 years","12,562,372"
"2013","United Kingdom","Total","Number","Less than 15 years","11,260,549"
"2013","Iceland","Total","Number","From 15 to 29 years","69,430"
"2013","Iceland","Total","Number","Less than 15 years","66,466"
"2013","Liechtenstein","Total","Number","From 15 to 29 years","6,680"
"2013","Liechtenstein","Total","Number","Less than 15 years","5,696"
"2013","Norway","Total","Number","From 15 to 29 years","996,549"
"2013","Norway","Total","Number","Less than 15 years","927,384"
"2013","Switzerland","Total","Number","From 15 to 29 years","1,473,050"
"2013","Switzerland","Total","Number","Less than 15 years","1,200,603"
"2013","Montenegro","Total","Number","From 15 to 29 years","130,063"
"2013","Montenegro","Total","Number","Less than 15 years","116,573"
"2013","Former Yugoslav Republic of Macedonia, the","Total","Number","From 15 to 29 years","465,002"
"2013","Former Yugoslav Republic of Macedonia, the","Total","Number","Less than 15 years","351,154"
"2013","Albania","Total","Number","From 15 to 29 years",":"
"2013","Albania","Total","Number","Less than 15 years",":"
"2013","Serbia","Total","Number","From 15 to 29 years","1,304,887"
"2013","Serbia","Total","Number","Less than 15 years","1,030,952"
"2013","Turkey","Total","Number","From 15 to 29 years","18,862,319"
"2013","Turkey","Total","Number","Less than 15 years","18,857,179"
"2013","Andorra","Total","Number","From 15 to 29 years","12,370"
"2013","Andorra","Total","Number","Less than 15 years","11,841"
"2013","Belarus","Total","Number","From 15 to 29 years","2,001,828"
"2013","Belarus","Total","Number","Less than 15 years","1,460,265"
"2013","Moldova","Total","Number","From 15 to 29 years","926,194"
"2013","Moldova","Total","Number","Less than 15 years","572,788"
"2013","Russia","Total","Number","From 15 to 29 years",":"
"2013","Russia","Total","Number","Less than 15 years",":"
"2013","San Marino","Total","Number","From 15 to 29 years","4,657"
"2013","San Marino","Total","Number","Less than 15 years","5,066"
"2013","Ukraine","Total","Number","From 15 to 29 years","9,506,285"
"2013","Ukraine","Total","Number","Less than 15 years","6,620,598"
"2013","Armenia","Total","Number","From 15 to 29 years",":"
"2013","Armenia","Total","Number","Less than 15 years",":"
"2013","Azerbaijan","Total","Number","From 15 to 29 years","2,637,327"
"2013","Azerbaijan","Total","Number","Less than 15 years","2,086,987"
"2013","Georgia","Total","Number","From 15 to 29 years",":"
"2013","Georgia","Total","Number","Less than 15 years",":"
"2014","European Union (28 countries)","Total","Number","From 15 to 29 years","89,563,313"
"2014","European Union (28 countries)","Total","Number","Less than 15 years","79,154,507"
"2014","European Union (27 countries)","Total","Number","From 15 to 29 years","88,792,709"
"2014","European Union (27 countries)","Total","Number","Less than 15 years","78,526,869"
"2014","Euro area (19 countries)","Total","Number","From 15 to 29 years","57,132,741"
"2014","Euro area (19 countries)","Total","Number","Less than 15 years","51,741,823"
"2014","Euro area (18 countries)","Total","Number","From 15 to 29 years","56,548,040"
"2014","Euro area (18 countries)","Total","Number","Less than 15 years","51,311,735"
"2014","Belgium","Total","Number","From 15 to 29 years","2,040,154"
"2014","Belgium","Total","Number","Less than 15 years","1,900,315"
"2014","Bulgaria","Total","Number","From 15 to 29 years","1,240,836"
"2014","Bulgaria","Total","Number","Less than 15 years","996,144"
"2014","Czech Republic","Total","Number","From 15 to 29 years","1,829,647"
"2014","Czech Republic","Total","Number","Less than 15 years","1,577,455"
"2014","Denmark","Total","Number","From 15 to 29 years","1,058,727"
"2014","Denmark","Total","Number","Less than 15 years","968,670"
"2014","Germany (until 1990 former territory of the FRG)","Total","Number","From 15 to 29 years","13,748,954"
"2014","Germany (until 1990 former territory of the FRG)","Total","Number","Less than 15 years","10,642,432"
"2014","Estonia","Total","Number","From 15 to 29 years","244,461"
"2014","Estonia","Total","Number","Less than 15 years","208,028"
"2014","Ireland","Total","Number","From 15 to 29 years","836,286"
"2014","Ireland","Total","Number","Less than 15 years","1,013,338"
"2014","Greece","Total","Number","From 15 to 29 years","1,771,033"
"2014","Greece","Total","Number","Less than 15 years","1,600,104"
"2014","Spain","Total","Number","From 15 to 29 years","7,264,495"
"2014","Spain","Total","Number","Less than 15 years","7,066,954"
"2014","France","Total","Number","From 15 to 29 years","11,796,966"
"2014","France","Total","Number","Less than 15 years","12,227,914"
"2014","France (metropolitan)","Total","Number","From 15 to 29 years",":"
"2014","France (metropolitan)","Total","Number","Less than 15 years",":"
"2014","Croatia","Total","Number","From 15 to 29 years","770,604"
"2014","Croatia","Total","Number","Less than 15 years","627,638"
"2014","Italy","Total","Number","From 15 to 29 years","9,280,355"
"2014","Italy","Total","Number","Less than 15 years","8,448,133"
"2014","Cyprus","Total","Number","From 15 to 29 years","194,949"
"2014","Cyprus","Total","Number","Less than 15 years","139,598"
"2014","Latvia","Total","Number","From 15 to 29 years","373,082"
"2014","Latvia","Total","Number","Less than 15 years","294,384"
"2014","Lithuania","Total","Number","From 15 to 29 years","584,701"
"2014","Lithuania","Total","Number","Less than 15 years","430,088"
"2014","Luxembourg","Total","Number","From 15 to 29 years","105,106"
"2014","Luxembourg","Total","Number","Less than 15 years","92,554"
"2014","Hungary","Total","Number","From 15 to 29 years","1,782,855"
"2014","Hungary","Total","Number","Less than 15 years","1,425,816"
"2014","Malta","Total","Number","From 15 to 29 years","85,931"
"2014","Malta","Total","Number","Less than 15 years","61,212"
"2014","Netherlands","Total","Number","From 15 to 29 years","3,095,053"
"2014","Netherlands","Total","Number","Less than 15 years","2,850,074"
"2014","Austria","Total","Number","From 15 to 29 years","1,572,116"
"2014","Austria","Total","Number","Less than 15 years","1,218,842"
"2014","Poland","Total","Number","From 15 to 29 years","7,675,900"
"2014","Poland","Total","Number","Less than 15 years","5,718,725"
"2014","Portugal","Total","Number","From 15 to 29 years","1,696,616"
"2014","Portugal","Total","Number","Less than 15 years","1,521,854"
"2014","Romania","Total","Number","From 15 to 29 years","3,672,898"
"2014","Romania","Total","Number","Less than 15 years","3,094,609"
"2014","Slovenia","Total","Number","From 15 to 29 years","345,292"
"2014","Slovenia","Total","Number","Less than 15 years","301,053"
"2014","Slovakia","Total","Number","From 15 to 29 years","1,102,840"
"2014","Slovakia","Total","Number","Less than 15 years","829,925"
"2014","Finland","Total","Number","From 15 to 29 years","994,351"
"2014","Finland","Total","Number","Less than 15 years","895,021"
"2014","Sweden","Total","Number","From 15 to 29 years","1,846,822"
"2014","Sweden","Total","Number","Less than 15 years","1,646,101"
"2014","United Kingdom","Total","Number","From 15 to 29 years","12,552,283"
"2014","United Kingdom","Total","Number","Less than 15 years","11,357,526"
"2014","Iceland","Total","Number","From 15 to 29 years","69,950"
"2014","Iceland","Total","Number","Less than 15 years","66,809"
"2014","Liechtenstein","Total","Number","From 15 to 29 years","6,704"
"2014","Liechtenstein","Total","Number","Less than 15 years","5,648"
"2014","Norway","Total","Number","From 15 to 29 years","1,009,557"
"2014","Norway","Total","Number","Less than 15 years","930,801"
"2014","Switzerland","Total","Number","From 15 to 29 years","1,483,402"
"2014","Switzerland","Total","Number","Less than 15 years","1,212,277"
"2014","Montenegro","Total","Number","From 15 to 29 years","128,381"
"2014","Montenegro","Total","Number","Less than 15 years","115,545"
"2014","Former Yugoslav Republic of Macedonia, the","Total","Number","From 15 to 29 years","457,477"
"2014","Former Yugoslav Republic of Macedonia, the","Total","Number","Less than 15 years","348,416"
"2014","Albania","Total","Number","From 15 to 29 years","696,911"
"2014","Albania","Total","Number","Less than 15 years","555,018"
"2014","Serbia","Total","Number","From 15 to 29 years","1,275,631"
"2014","Serbia","Total","Number","Less than 15 years","1,024,910"
"2014","Turkey","Total","Number","From 15 to 29 years","18,978,078"
"2014","Turkey","Total","Number","Less than 15 years","18,849,814"
"2014","Andorra","Total","Number","From 15 to 29 years",":"
"2014","Andorra","Total","Number","Less than 15 years",":"
"2014","Belarus","Total","Number","From 15 to 29 years","1,935,429"
"2014","Belarus","Total","Number","Less than 15 years","1,488,782"
"2014","Moldova","Total","Number","From 15 to 29 years","900,422"
"2014","Moldova","Total","Number","Less than 15 years","569,242"
"2014","Russia","Total","Number","From 15 to 29 years","29,448,759"
"2014","Russia","Total","Number","Less than 15 years","23,383,808"
"2014","San Marino","Total","Number","From 15 to 29 years",":"
"2014","San Marino","Total","Number","Less than 15 years",":"
"2014","Ukraine","Total","Number","From 15 to 29 years","9,128,532"
"2014","Ukraine","Total","Number","Less than 15 years","6,710,689"
"2014","Armenia","Total","Number","From 15 to 29 years",":"
"2014","Armenia","Total","Number","Less than 15 years",":"
"2014","Azerbaijan","Total","Number","From 15 to 29 years","2,606,770"
"2014","Azerbaijan","Total","Number","Less than 15 years","2,118,641"
"2014","Georgia","Total","Number","From 15 to 29 years","983,583"
"2014","Georgia","Total","Number","Less than 15 years","769,513"
"2015","European Union (28 countries)","Total","Number","From 15 to 29 years","88,920,455"
"2015","European Union (28 countries)","Total","Number","Less than 15 years","79,342,428"
"2015","European Union (27 countries)","Total","Number","From 15 to 29 years","88,165,092"
"2015","European Union (27 countries)","Total","Number","Less than 15 years","78,721,378"
"2015","Euro area (19 countries)","Total","Number","From 15 to 29 years","56,880,757"
"2015","Euro area (19 countries)","Total","Number","Less than 15 years","51,791,142"
"2015","Euro area (18 countries)","Total","Number","From 15 to 29 years","56,307,855"
"2015","Euro area (18 countries)","Total","Number","Less than 15 years","51,365,680"
"2015","Belgium","Total","Number","From 15 to 29 years","2,040,038"
"2015","Belgium","Total","Number","Less than 15 years","1,910,746"
"2015","Bulgaria","Total","Number","From 15 to 29 years","1,204,894"
"2015","Bulgaria","Total","Number","Less than 15 years","998,196"
"2015","Czech Republic","Total","Number","From 15 to 29 years","1,784,011"
"2015","Czech Republic","Total","Number","Less than 15 years","1,601,045"
"2015","Denmark","Total","Number","From 15 to 29 years","1,076,302"
"2015","Denmark","Total","Number","Less than 15 years","962,647"
"2015","Germany (until 1990 former territory of the FRG)","Total","Number","From 15 to 29 years","13,819,942"
"2015","Germany (until 1990 former territory of the FRG)","Total","Number","Less than 15 years","10,686,723"
"2015","Estonia","Total","Number","From 15 to 29 years","239,824"
"2015","Estonia","Total","Number","Less than 15 years","209,658"
"2015","Ireland","Total","Number","From 15 to 29 years","813,126"
"2015","Ireland","Total","Number","Less than 15 years","1,024,787"
"2015","Greece","Total","Number","From 15 to 29 years","1,723,902"
"2015","Greece","Total","Number","Less than 15 years","1,577,918"
"2015","Spain","Total","Number","From 15 to 29 years","7,112,935"
"2015","Spain","Total","Number","Less than 15 years","7,049,079"
"2015","France","Total","Number","From 15 to 29 years","11,824,429"
"2015","France","Total","Number","Less than 15 years","12,357,911"
"2015","France (metropolitan)","Total","Number","From 15 to 29 years",":"
"2015","France (metropolitan)","Total","Number","Less than 15 years",":"
"2015","Croatia","Total","Number","From 15 to 29 years","755,363"
"2015","Croatia","Total","Number","Less than 15 years","621,050"
"2015","Italy","Total","Number","From 15 to 29 years","9,228,985"
"2015","Italy","Total","Number","Less than 15 years","8,383,122"
"2015","Cyprus","Total","Number","From 15 to 29 years","190,882"
"2015","Cyprus","Total","Number","Less than 15 years","139,206"
"2015","Latvia","Total","Number","From 15 to 29 years","357,099"
"2015","Latvia","Total","Number","Less than 15 years","297,720"
"2015","Lithuania","Total","Number","From 15 to 29 years","572,902"
"2015","Lithuania","Total","Number","Less than 15 years","425,462"
"2015","Luxembourg","Total","Number","From 15 to 29 years","107,488"
"2015","Luxembourg","Total","Number","Less than 15 years","93,747"
"2015","Hungary","Total","Number","From 15 to 29 years","1,760,450"
"2015","Hungary","Total","Number","Less than 15 years","1,427,186"
"2015","Malta","Total","Number","From 15 to 29 years","85,340"
"2015","Malta","Total","Number","Less than 15 years","61,449"
"2015","Netherlands","Total","Number","From 15 to 29 years","3,120,699"
"2015","Netherlands","Total","Number","Less than 15 years","2,827,066"
"2015","Austria","Total","Number","From 15 to 29 years","1,576,029"
"2015","Austria","Total","Number","Less than 15 years","1,225,208"
"2015","Poland","Total","Number","From 15 to 29 years","7,407,402"
"2015","Poland","Total","Number","Less than 15 years","5,714,790"
"2015","Portugal","Total","Number","From 15 to 29 years","1,671,986"
"2015","Portugal","Total","Number","Less than 15 years","1,490,241"
"2015","Romania","Total","Number","From 15 to 29 years","3,615,507"
"2015","Romania","Total","Number","Less than 15 years","3,081,084"
"2015","Slovenia","Total","Number","From 15 to 29 years","335,499"
"2015","Slovenia","Total","Number","Less than 15 years","304,310"
"2015","Slovakia","Total","Number","From 15 to 29 years","1,071,419"
"2015","Slovakia","Total","Number","Less than 15 years","830,181"
"2015","Finland","Total","Number","From 15 to 29 years","988,233"
"2015","Finland","Total","Number","Less than 15 years","896,608"
"2015","Sweden","Total","Number","From 15 to 29 years","1,854,520"
"2015","Sweden","Total","Number","Less than 15 years","1,682,033"
"2015","United Kingdom","Total","Number","From 15 to 29 years","12,581,249"
"2015","United Kingdom","Total","Number","Less than 15 years","11,463,255"
"2015","Iceland","Total","Number","From 15 to 29 years","70,383"
"2015","Iceland","Total","Number","Less than 15 years","67,002"
"2015","Liechtenstein","Total","Number","From 15 to 29 years","6,677"
"2015","Liechtenstein","Total","Number","Less than 15 years","5,649"
"2015","Norway","Total","Number","From 15 to 29 years","1,024,156"
"2015","Norway","Total","Number","Less than 15 years","932,536"
"2015","Switzerland","Total","Number","From 15 to 29 years","1,488,528"
"2015","Switzerland","Total","Number","Less than 15 years","1,224,981"
"2015","Montenegro","Total","Number","From 15 to 29 years","126,508"
"2015","Montenegro","Total","Number","Less than 15 years","115,004"
"2015","Former Yugoslav Republic of Macedonia, the","Total","Number","From 15 to 29 years","448,272"
"2015","Former Yugoslav Republic of Macedonia, the","Total","Number","Less than 15 years","347,644"
"2015","Albania","Total","Number","From 15 to 29 years","675,104"
"2015","Albania","Total","Number","Less than 15 years","533,669"
"2015","Serbia","Total","Number","From 15 to 29 years","1,244,924"
"2015","Serbia","Total","Number","Less than 15 years","1,023,354"
"2015","Turkey","Total","Number","From 15 to 29 years","19,055,583"
"2015","Turkey","Total","Number","Less than 15 years","18,862,430"
"2015","Andorra","Total","Number","From 15 to 29 years",":"
"2015","Andorra","Total","Number","Less than 15 years",":"
"2015","Belarus","Total","Number","From 15 to 29 years","1,872,639"
"2015","Belarus","Total","Number","Less than 15 years","1,518,669"
"2015","Moldova","Total","Number","From 15 to 29 years","870,962"
"2015","Moldova","Total","Number","Less than 15 years","567,871"
"2015","Russia","Total","Number","From 15 to 29 years",":"
"2015","Russia","Total","Number","Less than 15 years",":"
"2015","San Marino","Total","Number","From 15 to 29 years",":"
"2015","San Marino","Total","Number","Less than 15 years",":"
"2015","Ukraine","Total","Number","From 15 to 29 years","8,301,423"
"2015","Ukraine","Total","Number","Less than 15 years","6,449,171"
"2015","Armenia","Total","Number","From 15 to 29 years","721,653"
"2015","Armenia","Total","Number","Less than 15 years","582,592"
"2015","Azerbaijan","Total","Number","From 15 to 29 years","2,564,427"
"2015","Azerbaijan","Total","Number","Less than 15 years","2,152,698"
"2015","Georgia","Total","Number","From 15 to 29 years","814,300"
"2015","Georgia","Total","Number","Less than 15 years","649,100"
"2016","European Union (28 countries)","Total","Number","From 15 to 29 years","88,654,431"
"2016","European Union (28 countries)","Total","Number","Less than 15 years","79,500,703"
"2016","European Union (27 countries)","Total","Number","From 15 to 29 years","87,915,034"
"2016","European Union (27 countries)","Total","Number","Less than 15 years","78,889,231"
"2016","Euro area (19 countries)","Total","Number","From 15 to 29 years","57,063,035"
"2016","Euro area (19 countries)","Total","Number","Less than 15 years","51,804,206"
"2016","Euro area (18 countries)","Total","Number","From 15 to 29 years","56,509,137"
"2016","Euro area (18 countries)","Total","Number","Less than 15 years","51,380,459"
"2016","Belgium","Total","Number","From 15 to 29 years","2,057,718"
"2016","Belgium","Total","Number","Less than 15 years","1,921,342"
"2016","Bulgaria","Total","Number","From 15 to 29 years","1,169,398"
"2016","Bulgaria","Total","Number","Less than 15 years","998,206"
"2016","Czech Republic","Total","Number","From 15 to 29 years","1,738,629"
"2016","Czech Republic","Total","Number","Less than 15 years","1,623,716"
"2016","Denmark","Total","Number","From 15 to 29 years","1,099,696"
"2016","Denmark","Total","Number","Less than 15 years","960,274"
"2016","Germany (until 1990 former territory of the FRG)","Total","Number","From 15 to 29 years","14,165,523"
"2016","Germany (until 1990 former territory of the FRG)","Total","Number","Less than 15 years","10,881,126"
"2016","Estonia","Total","Number","From 15 to 29 years","233,567"
"2016","Estonia","Total","Number","Less than 15 years","211,445"
"2016","Ireland","Total","Number","From 15 to 29 years","827,813"
"2016","Ireland","Total","Number","Less than 15 years","1,036,938"
"2016","Greece","Total","Number","From 15 to 29 years","1,686,525"
"2016","Greece","Total","Number","Less than 15 years","1,556,763"
"2016","Spain","Total","Number","From 15 to 29 years","7,030,427"
"2016","Spain","Total","Number","Less than 15 years","7,025,400"
"2016","France","Total","Number","From 15 to 29 years","11,833,510"
"2016","France","Total","Number","Less than 15 years","12,328,769"
"2016","France (metropolitan)","Total","Number","From 15 to 29 years",":"
"2016","France (metropolitan)","Total","Number","Less than 15 years",":"
"2016","Croatia","Total","Number","From 15 to 29 years","739,397"
"2016","Croatia","Total","Number","Less than 15 years","611,472"
"2016","Italy","Total","Number","From 15 to 29 years","9,178,438"
"2016","Italy","Total","Number","Less than 15 years","8,281,859"
"2016","Cyprus","Total","Number","From 15 to 29 years","188,375"
"2016","Cyprus","Total","Number","Less than 15 years","139,538"
"2016","Latvia","Total","Number","From 15 to 29 years","341,793"
"2016","Latvia","Total","Number","Less than 15 years","300,260"
"2016","Lithuania","Total","Number","From 15 to 29 years","553,898"
"2016","Lithuania","Total","Number","Less than 15 years","423,747"
"2016","Luxembourg","Total","Number","From 15 to 29 years","110,471"
"2016","Luxembourg","Total","Number","Less than 15 years","94,891"
"2016","Hungary","Total","Number","From 15 to 29 years","1,736,354"
"2016","Hungary","Total","Number","Less than 15 years","1,424,448"
"2016","Malta","Total","Number","From 15 to 29 years","85,200"
"2016","Malta","Total","Number","Less than 15 years","61,889"
"2016","Netherlands","Total","Number","From 15 to 29 years","3,155,675"
"2016","Netherlands","Total","Number","Less than 15 years","2,799,772"
"2016","Austria","Total","Number","From 15 to 29 years","1,601,266"
"2016","Austria","Total","Number","Less than 15 years","1,245,179"
"2016","Poland","Total","Number","From 15 to 29 years","7,153,794"
"2016","Poland","Total","Number","Less than 15 years","5,708,855"
"2016","Portugal","Total","Number","From 15 to 29 years","1,662,944"
"2016","Portugal","Total","Number","Less than 15 years","1,460,832"
"2016","Romania","Total","Number","From 15 to 29 years","3,520,009"
"2016","Romania","Total","Number","Less than 15 years","3,064,993"
"2016","Slovenia","Total","Number","From 15 to 29 years","327,326"
"2016","Slovenia","Total","Number","Less than 15 years","306,390"
"2016","Slovakia","Total","Number","From 15 to 29 years","1,039,651"
"2016","Slovakia","Total","Number","Less than 15 years","832,043"
"2016","Finland","Total","Number","From 15 to 29 years","982,915"
"2016","Finland","Total","Number","Less than 15 years","896,023"
"2016","Sweden","Total","Number","From 15 to 29 years","1,861,333"
"2016","Sweden","Total","Number","Less than 15 years","1,717,143"
"2016","United Kingdom","Total","Number","From 15 to 29 years","12,572,786"
"2016","United Kingdom","Total","Number","Less than 15 years","11,587,390"
"2016","Iceland","Total","Number","From 15 to 29 years","71,377"
"2016","Iceland","Total","Number","Less than 15 years","66,540"
"2016","Liechtenstein","Total","Number","From 15 to 29 years","6,652"
"2016","Liechtenstein","Total","Number","Less than 15 years","5,610"
"2016","Norway","Total","Number","From 15 to 29 years","1,030,617"
"2016","Norway","Total","Number","Less than 15 years","933,600"
"2016","Switzerland","Total","Number","From 15 to 29 years","1,495,346"
"2016","Switzerland","Total","Number","Less than 15 years","1,236,792"
"2016","Montenegro","Total","Number","From 15 to 29 years","124,565"
"2016","Montenegro","Total","Number","Less than 15 years","114,108"
"2016","Former Yugoslav Republic of Macedonia, the","Total","Number","From 15 to 29 years","440,516"
"2016","Former Yugoslav Republic of Macedonia, the","Total","Number","Less than 15 years","344,909"
"2016","Albania","Total","Number","From 15 to 29 years",":"
"2016","Albania","Total","Number","Less than 15 years",":"
"2016","Serbia","Total","Number","From 15 to 29 years","1,217,682"
"2016","Serbia","Total","Number","Less than 15 years","1,020,693"
"2016","Turkey","Total","Number","From 15 to 29 years","19,162,916"
"2016","Turkey","Total","Number","Less than 15 years","18,886,220"
"2016","Andorra","Total","Number","From 15 to 29 years",":"
"2016","Andorra","Total","Number","Less than 15 years",":"
"2016","Belarus","Total","Number","From 15 to 29 years",":"
"2016","Belarus","Total","Number","Less than 15 years",":"
"2016","Moldova","Total","Number","From 15 to 29 years",":"
"2016","Moldova","Total","Number","Less than 15 years",":"
"2016","Russia","Total","Number","From 15 to 29 years",":"
"2016","Russia","Total","Number","Less than 15 years",":"
"2016","San Marino","Total","Number","From 15 to 29 years",":"
"2016","San Marino","Total","Number","Less than 15 years",":"
"2016","Ukraine","Total","Number","From 15 to 29 years",":"
"2016","Ukraine","Total","Number","Less than 15 years",":"
"2016","Armenia","Total","Number","From 15 to 29 years",":"
"2016","Armenia","Total","Number","Less than 15 years",":"
"2016","Azerbaijan","Total","Number","From 15 to 29 years",":"
"2016","Azerbaijan","Total","Number","Less than 15 years",":"
"2016","Georgia","Total","Number","From 15 to 29 years",":"
"2016","Georgia","Total","Number","Less than 15 years",":"
