"TIME","GEO","SEX","AGE","WSTATUS","TYPTRAI","ISCED11","UNIT","Value","Flag and Footnotes"
"2004","European Union (28 countries)","Females","From 15 to 19 years","Not employed persons","Neither formal nor non-formal education and training","Less than primary, primary and lower secondary education (levels 0-2)","Percentage","4.8",""
"2004","European Union (27 countries)","Females","From 15 to 19 years","Not employed persons","Neither formal nor non-formal education and training","Less than primary, primary and lower secondary education (levels 0-2)","Percentage","4.9",""
"2004","Euro area (19 countries)","Females","From 15 to 19 years","Not employed persons","Neither formal nor non-formal education and training","Less than primary, primary and lower secondary education (levels 0-2)","Percentage","4.8",""
"2004","Euro area (18 countries)","Females","From 15 to 19 years","Not employed persons","Neither formal nor non-formal education and training","Less than primary, primary and lower secondary education (levels 0-2)","Percentage","4.8",""
"2004","Belgium","Females","From 15 to 19 years","Not employed persons","Neither formal nor non-formal education and training","Less than primary, primary and lower secondary education (levels 0-2)","Percentage","7.3","b"
"2004","Bulgaria","Females","From 15 to 19 years","Not employed persons","Neither formal nor non-formal education and training","Less than primary, primary and lower secondary education (levels 0-2)","Percentage","13.7",""
"2004","Czech Republic","Females","From 15 to 19 years","Not employed persons","Neither formal nor non-formal education and training","Less than primary, primary and lower secondary education (levels 0-2)","Percentage","5.3",""
"2004","Denmark","Females","From 15 to 19 years","Not employed persons","Neither formal nor non-formal education and training","Less than primary, primary and lower secondary education (levels 0-2)","Percentage","2.2","u"
"2004","Germany (until 1990 former territory of the FRG)","Females","From 15 to 19 years","Not employed persons","Neither formal nor non-formal education and training","Less than primary, primary and lower secondary education (levels 0-2)","Percentage","2.6",""
"2004","Estonia","Females","From 15 to 19 years","Not employed persons","Neither formal nor non-formal education and training","Less than primary, primary and lower secondary education (levels 0-2)","Percentage","3.7","u"
"2004","Ireland","Females","From 15 to 19 years","Not employed persons","Neither formal nor non-formal education and training","Less than primary, primary and lower secondary education (levels 0-2)","Percentage","6.9","b"
"2004","Greece","Females","From 15 to 19 years","Not employed persons","Neither formal nor non-formal education and training","Less than primary, primary and lower secondary education (levels 0-2)","Percentage","6.2","b"
"2004","Spain","Females","From 15 to 19 years","Not employed persons","Neither formal nor non-formal education and training","Less than primary, primary and lower secondary education (levels 0-2)","Percentage","7.4",""
"2004","France","Females","From 15 to 19 years","Not employed persons","Neither formal nor non-formal education and training","Less than primary, primary and lower secondary education (levels 0-2)","Percentage","3.0",""
"2004","Croatia","Females","From 15 to 19 years","Not employed persons","Neither formal nor non-formal education and training","Less than primary, primary and lower secondary education (levels 0-2)","Percentage","2.5","u"
"2004","Italy","Females","From 15 to 19 years","Not employed persons","Neither formal nor non-formal education and training","Less than primary, primary and lower secondary education (levels 0-2)","Percentage","8.4","b"
"2004","Cyprus","Females","From 15 to 19 years","Not employed persons","Neither formal nor non-formal education and training","Less than primary, primary and lower secondary education (levels 0-2)","Percentage","2.4","u"
"2004","Latvia","Females","From 15 to 19 years","Not employed persons","Neither formal nor non-formal education and training","Less than primary, primary and lower secondary education (levels 0-2)","Percentage","3.8",""
"2004","Lithuania","Females","From 15 to 19 years","Not employed persons","Neither formal nor non-formal education and training","Less than primary, primary and lower secondary education (levels 0-2)","Percentage",":","bu"
"2004","Luxembourg","Females","From 15 to 19 years","Not employed persons","Neither formal nor non-formal education and training","Less than primary, primary and lower secondary education (levels 0-2)","Percentage",":","u"
"2004","Hungary","Females","From 15 to 19 years","Not employed persons","Neither formal nor non-formal education and training","Less than primary, primary and lower secondary education (levels 0-2)","Percentage","5.0",""
"2004","Malta","Females","From 15 to 19 years","Not employed persons","Neither formal nor non-formal education and training","Less than primary, primary and lower secondary education (levels 0-2)","Percentage","10.8","d"
"2004","Netherlands","Females","From 15 to 19 years","Not employed persons","Neither formal nor non-formal education and training","Less than primary, primary and lower secondary education (levels 0-2)","Percentage","1.8",""
"2004","Austria","Females","From 15 to 19 years","Not employed persons","Neither formal nor non-formal education and training","Less than primary, primary and lower secondary education (levels 0-2)","Percentage","4.7","b"
"2004","Poland","Females","From 15 to 19 years","Not employed persons","Neither formal nor non-formal education and training","Less than primary, primary and lower secondary education (levels 0-2)","Percentage","1.4","b"
"2004","Portugal","Females","From 15 to 19 years","Not employed persons","Neither formal nor non-formal education and training","Less than primary, primary and lower secondary education (levels 0-2)","Percentage","8.6","b"
"2004","Romania","Females","From 15 to 19 years","Not employed persons","Neither formal nor non-formal education and training","Less than primary, primary and lower secondary education (levels 0-2)","Percentage","9.8",""
"2004","Slovenia","Females","From 15 to 19 years","Not employed persons","Neither formal nor non-formal education and training","Less than primary, primary and lower secondary education (levels 0-2)","Percentage","1.9","u"
"2004","Slovakia","Females","From 15 to 19 years","Not employed persons","Neither formal nor non-formal education and training","Less than primary, primary and lower secondary education (levels 0-2)","Percentage","3.7",""
"2004","Finland","Females","From 15 to 19 years","Not employed persons","Neither formal nor non-formal education and training","Less than primary, primary and lower secondary education (levels 0-2)","Percentage","4.0",""
"2004","Sweden","Females","From 15 to 19 years","Not employed persons","Neither formal nor non-formal education and training","Less than primary, primary and lower secondary education (levels 0-2)","Percentage","2.3",""
"2004","United Kingdom","Females","From 15 to 19 years","Not employed persons","Neither formal nor non-formal education and training","Less than primary, primary and lower secondary education (levels 0-2)","Percentage","3.7",""
"2005","European Union (28 countries)","Females","From 15 to 19 years","Not employed persons","Neither formal nor non-formal education and training","Less than primary, primary and lower secondary education (levels 0-2)","Percentage","5.2",""
"2005","European Union (27 countries)","Females","From 15 to 19 years","Not employed persons","Neither formal nor non-formal education and training","Less than primary, primary and lower secondary education (levels 0-2)","Percentage","5.2",""
"2005","Euro area (19 countries)","Females","From 15 to 19 years","Not employed persons","Neither formal nor non-formal education and training","Less than primary, primary and lower secondary education (levels 0-2)","Percentage","5.4",""
"2005","Euro area (18 countries)","Females","From 15 to 19 years","Not employed persons","Neither formal nor non-formal education and training","Less than primary, primary and lower secondary education (levels 0-2)","Percentage","5.5",""
"2005","Belgium","Females","From 15 to 19 years","Not employed persons","Neither formal nor non-formal education and training","Less than primary, primary and lower secondary education (levels 0-2)","Percentage","5.6",""
"2005","Bulgaria","Females","From 15 to 19 years","Not employed persons","Neither formal nor non-formal education and training","Less than primary, primary and lower secondary education (levels 0-2)","Percentage","13.3",""
"2005","Czech Republic","Females","From 15 to 19 years","Not employed persons","Neither formal nor non-formal education and training","Less than primary, primary and lower secondary education (levels 0-2)","Percentage","5.9",""
"2005","Denmark","Females","From 15 to 19 years","Not employed persons","Neither formal nor non-formal education and training","Less than primary, primary and lower secondary education (levels 0-2)","Percentage","1.7","u"
"2005","Germany (until 1990 former territory of the FRG)","Females","From 15 to 19 years","Not employed persons","Neither formal nor non-formal education and training","Less than primary, primary and lower secondary education (levels 0-2)","Percentage","3.6","b"
"2005","Estonia","Females","From 15 to 19 years","Not employed persons","Neither formal nor non-formal education and training","Less than primary, primary and lower secondary education (levels 0-2)","Percentage","2.7","u"
"2005","Ireland","Females","From 15 to 19 years","Not employed persons","Neither formal nor non-formal education and training","Less than primary, primary and lower secondary education (levels 0-2)","Percentage","5.4",""
"2005","Greece","Females","From 15 to 19 years","Not employed persons","Neither formal nor non-formal education and training","Less than primary, primary and lower secondary education (levels 0-2)","Percentage","6.8",""
"2005","Spain","Females","From 15 to 19 years","Not employed persons","Neither formal nor non-formal education and training","Less than primary, primary and lower secondary education (levels 0-2)","Percentage","10.1","b"
"2005","France","Females","From 15 to 19 years","Not employed persons","Neither formal nor non-formal education and training","Less than primary, primary and lower secondary education (levels 0-2)","Percentage","3.9",""
"2005","Croatia","Females","From 15 to 19 years","Not employed persons","Neither formal nor non-formal education and training","Less than primary, primary and lower secondary education (levels 0-2)","Percentage",":","bu"
"2005","Italy","Females","From 15 to 19 years","Not employed persons","Neither formal nor non-formal education and training","Less than primary, primary and lower secondary education (levels 0-2)","Percentage","8.3",""
"2005","Cyprus","Females","From 15 to 19 years","Not employed persons","Neither formal nor non-formal education and training","Less than primary, primary and lower secondary education (levels 0-2)","Percentage","11.4",""
"2005","Latvia","Females","From 15 to 19 years","Not employed persons","Neither formal nor non-formal education and training","Less than primary, primary and lower secondary education (levels 0-2)","Percentage","4.0",""
"2005","Lithuania","Females","From 15 to 19 years","Not employed persons","Neither formal nor non-formal education and training","Less than primary, primary and lower secondary education (levels 0-2)","Percentage",":","u"
"2005","Luxembourg","Females","From 15 to 19 years","Not employed persons","Neither formal nor non-formal education and training","Less than primary, primary and lower secondary education (levels 0-2)","Percentage",":","u"
"2005","Hungary","Females","From 15 to 19 years","Not employed persons","Neither formal nor non-formal education and training","Less than primary, primary and lower secondary education (levels 0-2)","Percentage","5.5",""
"2005","Malta","Females","From 15 to 19 years","Not employed persons","Neither formal nor non-formal education and training","Less than primary, primary and lower secondary education (levels 0-2)","Percentage","7.3","b"
"2005","Netherlands","Females","From 15 to 19 years","Not employed persons","Neither formal nor non-formal education and training","Less than primary, primary and lower secondary education (levels 0-2)","Percentage","2.1",""
"2005","Austria","Females","From 15 to 19 years","Not employed persons","Neither formal nor non-formal education and training","Less than primary, primary and lower secondary education (levels 0-2)","Percentage","3.5",""
"2005","Poland","Females","From 15 to 19 years","Not employed persons","Neither formal nor non-formal education and training","Less than primary, primary and lower secondary education (levels 0-2)","Percentage","1.3",""
"2005","Portugal","Females","From 15 to 19 years","Not employed persons","Neither formal nor non-formal education and training","Less than primary, primary and lower secondary education (levels 0-2)","Percentage","7.7",""
"2005","Romania","Females","From 15 to 19 years","Not employed persons","Neither formal nor non-formal education and training","Less than primary, primary and lower secondary education (levels 0-2)","Percentage","8.6",""
"2005","Slovenia","Females","From 15 to 19 years","Not employed persons","Neither formal nor non-formal education and training","Less than primary, primary and lower secondary education (levels 0-2)","Percentage","2.5","u"
"2005","Slovakia","Females","From 15 to 19 years","Not employed persons","Neither formal nor non-formal education and training","Less than primary, primary and lower secondary education (levels 0-2)","Percentage","4.7",""
"2005","Finland","Females","From 15 to 19 years","Not employed persons","Neither formal nor non-formal education and training","Less than primary, primary and lower secondary education (levels 0-2)","Percentage","2.7",""
"2005","Sweden","Females","From 15 to 19 years","Not employed persons","Neither formal nor non-formal education and training","Less than primary, primary and lower secondary education (levels 0-2)","Percentage","4.5","b"
"2005","United Kingdom","Females","From 15 to 19 years","Not employed persons","Neither formal nor non-formal education and training","Less than primary, primary and lower secondary education (levels 0-2)","Percentage","3.6",""
"2006","European Union (28 countries)","Females","From 15 to 19 years","Not employed persons","Neither formal nor non-formal education and training","Less than primary, primary and lower secondary education (levels 0-2)","Percentage","4.6","b"
"2006","European Union (27 countries)","Females","From 15 to 19 years","Not employed persons","Neither formal nor non-formal education and training","Less than primary, primary and lower secondary education (levels 0-2)","Percentage","4.7","b"
"2006","Euro area (19 countries)","Females","From 15 to 19 years","Not employed persons","Neither formal nor non-formal education and training","Less than primary, primary and lower secondary education (levels 0-2)","Percentage","4.8","b"
"2006","Euro area (18 countries)","Females","From 15 to 19 years","Not employed persons","Neither formal nor non-formal education and training","Less than primary, primary and lower secondary education (levels 0-2)","Percentage","4.9","b"
"2006","Belgium","Females","From 15 to 19 years","Not employed persons","Neither formal nor non-formal education and training","Less than primary, primary and lower secondary education (levels 0-2)","Percentage","4.2","b"
"2006","Bulgaria","Females","From 15 to 19 years","Not employed persons","Neither formal nor non-formal education and training","Less than primary, primary and lower secondary education (levels 0-2)","Percentage","11.6","b"
"2006","Czech Republic","Females","From 15 to 19 years","Not employed persons","Neither formal nor non-formal education and training","Less than primary, primary and lower secondary education (levels 0-2)","Percentage","2.1","b"
"2006","Denmark","Females","From 15 to 19 years","Not employed persons","Neither formal nor non-formal education and training","Less than primary, primary and lower secondary education (levels 0-2)","Percentage","1.5","u"
"2006","Germany (until 1990 former territory of the FRG)","Females","From 15 to 19 years","Not employed persons","Neither formal nor non-formal education and training","Less than primary, primary and lower secondary education (levels 0-2)","Percentage","3.3",""
"2006","Estonia","Females","From 15 to 19 years","Not employed persons","Neither formal nor non-formal education and training","Less than primary, primary and lower secondary education (levels 0-2)","Percentage",":","u"
"2006","Ireland","Females","From 15 to 19 years","Not employed persons","Neither formal nor non-formal education and training","Less than primary, primary and lower secondary education (levels 0-2)","Percentage","4.8","b"
"2006","Greece","Females","From 15 to 19 years","Not employed persons","Neither formal nor non-formal education and training","Less than primary, primary and lower secondary education (levels 0-2)","Percentage","3.3","b"
"2006","Spain","Females","From 15 to 19 years","Not employed persons","Neither formal nor non-formal education and training","Less than primary, primary and lower secondary education (levels 0-2)","Percentage","9.0","b"
"2006","France","Females","From 15 to 19 years","Not employed persons","Neither formal nor non-formal education and training","Less than primary, primary and lower secondary education (levels 0-2)","Percentage","4.0",""
"2006","Croatia","Females","From 15 to 19 years","Not employed persons","Neither formal nor non-formal education and training","Less than primary, primary and lower secondary education (levels 0-2)","Percentage","2.4","bu"
"2006","Italy","Females","From 15 to 19 years","Not employed persons","Neither formal nor non-formal education and training","Less than primary, primary and lower secondary education (levels 0-2)","Percentage","7.6","b"
"2006","Cyprus","Females","From 15 to 19 years","Not employed persons","Neither formal nor non-formal education and training","Less than primary, primary and lower secondary education (levels 0-2)","Percentage","2.8","bu"
"2006","Latvia","Females","From 15 to 19 years","Not employed persons","Neither formal nor non-formal education and training","Less than primary, primary and lower secondary education (levels 0-2)","Percentage","5.6","b"
"2006","Lithuania","Females","From 15 to 19 years","Not employed persons","Neither formal nor non-formal education and training","Less than primary, primary and lower secondary education (levels 0-2)","Percentage",":","bu"
"2006","Luxembourg","Females","From 15 to 19 years","Not employed persons","Neither formal nor non-formal education and training","Less than primary, primary and lower secondary education (levels 0-2)","Percentage",":","bu"
"2006","Hungary","Females","From 15 to 19 years","Not employed persons","Neither formal nor non-formal education and training","Less than primary, primary and lower secondary education (levels 0-2)","Percentage","4.6","b"
"2006","Malta","Females","From 15 to 19 years","Not employed persons","Neither formal nor non-formal education and training","Less than primary, primary and lower secondary education (levels 0-2)","Percentage","4.8","bu"
"2006","Netherlands","Females","From 15 to 19 years","Not employed persons","Neither formal nor non-formal education and training","Less than primary, primary and lower secondary education (levels 0-2)","Percentage","1.3","b"
"2006","Austria","Females","From 15 to 19 years","Not employed persons","Neither formal nor non-formal education and training","Less than primary, primary and lower secondary education (levels 0-2)","Percentage","3.4","b"
"2006","Poland","Females","From 15 to 19 years","Not employed persons","Neither formal nor non-formal education and training","Less than primary, primary and lower secondary education (levels 0-2)","Percentage","1.4",""
"2006","Portugal","Females","From 15 to 19 years","Not employed persons","Neither formal nor non-formal education and training","Less than primary, primary and lower secondary education (levels 0-2)","Percentage","7.0","b"
"2006","Romania","Females","From 15 to 19 years","Not employed persons","Neither formal nor non-formal education and training","Less than primary, primary and lower secondary education (levels 0-2)","Percentage","8.1","b"
"2006","Slovenia","Females","From 15 to 19 years","Not employed persons","Neither formal nor non-formal education and training","Less than primary, primary and lower secondary education (levels 0-2)","Percentage","2.1","bu"
"2006","Slovakia","Females","From 15 to 19 years","Not employed persons","Neither formal nor non-formal education and training","Less than primary, primary and lower secondary education (levels 0-2)","Percentage","4.5","b"
"2006","Finland","Females","From 15 to 19 years","Not employed persons","Neither formal nor non-formal education and training","Less than primary, primary and lower secondary education (levels 0-2)","Percentage","2.7",""
"2006","Sweden","Females","From 15 to 19 years","Not employed persons","Neither formal nor non-formal education and training","Less than primary, primary and lower secondary education (levels 0-2)","Percentage","2.7","b"
"2006","United Kingdom","Females","From 15 to 19 years","Not employed persons","Neither formal nor non-formal education and training","Less than primary, primary and lower secondary education (levels 0-2)","Percentage","3.6",""
"2007","European Union (28 countries)","Females","From 15 to 19 years","Not employed persons","Neither formal nor non-formal education and training","Less than primary, primary and lower secondary education (levels 0-2)","Percentage","4.3",""
"2007","European Union (27 countries)","Females","From 15 to 19 years","Not employed persons","Neither formal nor non-formal education and training","Less than primary, primary and lower secondary education (levels 0-2)","Percentage","4.3",""
"2007","Euro area (19 countries)","Females","From 15 to 19 years","Not employed persons","Neither formal nor non-formal education and training","Less than primary, primary and lower secondary education (levels 0-2)","Percentage","4.5",""
"2007","Euro area (18 countries)","Females","From 15 to 19 years","Not employed persons","Neither formal nor non-formal education and training","Less than primary, primary and lower secondary education (levels 0-2)","Percentage","4.5",""
"2007","Belgium","Females","From 15 to 19 years","Not employed persons","Neither formal nor non-formal education and training","Less than primary, primary and lower secondary education (levels 0-2)","Percentage","4.3",""
"2007","Bulgaria","Females","From 15 to 19 years","Not employed persons","Neither formal nor non-formal education and training","Less than primary, primary and lower secondary education (levels 0-2)","Percentage","9.7",""
"2007","Czech Republic","Females","From 15 to 19 years","Not employed persons","Neither formal nor non-formal education and training","Less than primary, primary and lower secondary education (levels 0-2)","Percentage","1.6",""
"2007","Denmark","Females","From 15 to 19 years","Not employed persons","Neither formal nor non-formal education and training","Less than primary, primary and lower secondary education (levels 0-2)","Percentage","1.6","bu"
"2007","Germany (until 1990 former territory of the FRG)","Females","From 15 to 19 years","Not employed persons","Neither formal nor non-formal education and training","Less than primary, primary and lower secondary education (levels 0-2)","Percentage","3.2",""
"2007","Estonia","Females","From 15 to 19 years","Not employed persons","Neither formal nor non-formal education and training","Less than primary, primary and lower secondary education (levels 0-2)","Percentage","3.5","u"
"2007","Ireland","Females","From 15 to 19 years","Not employed persons","Neither formal nor non-formal education and training","Less than primary, primary and lower secondary education (levels 0-2)","Percentage","5.1","b"
"2007","Greece","Females","From 15 to 19 years","Not employed persons","Neither formal nor non-formal education and training","Less than primary, primary and lower secondary education (levels 0-2)","Percentage","3.1",""
"2007","Spain","Females","From 15 to 19 years","Not employed persons","Neither formal nor non-formal education and training","Less than primary, primary and lower secondary education (levels 0-2)","Percentage","9.0",""
"2007","France","Females","From 15 to 19 years","Not employed persons","Neither formal nor non-formal education and training","Less than primary, primary and lower secondary education (levels 0-2)","Percentage","3.1",""
"2007","Croatia","Females","From 15 to 19 years","Not employed persons","Neither formal nor non-formal education and training","Less than primary, primary and lower secondary education (levels 0-2)","Percentage","2.1","u"
"2007","Italy","Females","From 15 to 19 years","Not employed persons","Neither formal nor non-formal education and training","Less than primary, primary and lower secondary education (levels 0-2)","Percentage","7.0",""
"2007","Cyprus","Females","From 15 to 19 years","Not employed persons","Neither formal nor non-formal education and training","Less than primary, primary and lower secondary education (levels 0-2)","Percentage",":","u"
"2007","Latvia","Females","From 15 to 19 years","Not employed persons","Neither formal nor non-formal education and training","Less than primary, primary and lower secondary education (levels 0-2)","Percentage","5.1",""
"2007","Lithuania","Females","From 15 to 19 years","Not employed persons","Neither formal nor non-formal education and training","Less than primary, primary and lower secondary education (levels 0-2)","Percentage",":","u"
"2007","Luxembourg","Females","From 15 to 19 years","Not employed persons","Neither formal nor non-formal education and training","Less than primary, primary and lower secondary education (levels 0-2)","Percentage",":","bu"
"2007","Hungary","Females","From 15 to 19 years","Not employed persons","Neither formal nor non-formal education and training","Less than primary, primary and lower secondary education (levels 0-2)","Percentage","4.0",""
"2007","Malta","Females","From 15 to 19 years","Not employed persons","Neither formal nor non-formal education and training","Less than primary, primary and lower secondary education (levels 0-2)","Percentage","8.4",""
"2007","Netherlands","Females","From 15 to 19 years","Not employed persons","Neither formal nor non-formal education and training","Less than primary, primary and lower secondary education (levels 0-2)","Percentage","1.2",""
"2007","Austria","Females","From 15 to 19 years","Not employed persons","Neither formal nor non-formal education and training","Less than primary, primary and lower secondary education (levels 0-2)","Percentage","3.3","b"
"2007","Poland","Females","From 15 to 19 years","Not employed persons","Neither formal nor non-formal education and training","Less than primary, primary and lower secondary education (levels 0-2)","Percentage","1.1","u"
"2007","Portugal","Females","From 15 to 19 years","Not employed persons","Neither formal nor non-formal education and training","Less than primary, primary and lower secondary education (levels 0-2)","Percentage","6.2",""
"2007","Romania","Females","From 15 to 19 years","Not employed persons","Neither formal nor non-formal education and training","Less than primary, primary and lower secondary education (levels 0-2)","Percentage","7.7",""
"2007","Slovenia","Females","From 15 to 19 years","Not employed persons","Neither formal nor non-formal education and training","Less than primary, primary and lower secondary education (levels 0-2)","Percentage","1.7","u"
"2007","Slovakia","Females","From 15 to 19 years","Not employed persons","Neither formal nor non-formal education and training","Less than primary, primary and lower secondary education (levels 0-2)","Percentage","3.7",""
"2007","Finland","Females","From 15 to 19 years","Not employed persons","Neither formal nor non-formal education and training","Less than primary, primary and lower secondary education (levels 0-2)","Percentage","2.5","u"
"2007","Sweden","Females","From 15 to 19 years","Not employed persons","Neither formal nor non-formal education and training","Less than primary, primary and lower secondary education (levels 0-2)","Percentage","1.6","b"
"2007","United Kingdom","Females","From 15 to 19 years","Not employed persons","Neither formal nor non-formal education and training","Less than primary, primary and lower secondary education (levels 0-2)","Percentage","4.6","b"
"2008","European Union (28 countries)","Females","From 15 to 19 years","Not employed persons","Neither formal nor non-formal education and training","Less than primary, primary and lower secondary education (levels 0-2)","Percentage","4.3",""
"2008","European Union (27 countries)","Females","From 15 to 19 years","Not employed persons","Neither formal nor non-formal education and training","Less than primary, primary and lower secondary education (levels 0-2)","Percentage","4.3",""
"2008","Euro area (19 countries)","Females","From 15 to 19 years","Not employed persons","Neither formal nor non-formal education and training","Less than primary, primary and lower secondary education (levels 0-2)","Percentage","4.5",""
"2008","Euro area (18 countries)","Females","From 15 to 19 years","Not employed persons","Neither formal nor non-formal education and training","Less than primary, primary and lower secondary education (levels 0-2)","Percentage","4.6",""
"2008","Belgium","Females","From 15 to 19 years","Not employed persons","Neither formal nor non-formal education and training","Less than primary, primary and lower secondary education (levels 0-2)","Percentage","3.6",""
"2008","Bulgaria","Females","From 15 to 19 years","Not employed persons","Neither formal nor non-formal education and training","Less than primary, primary and lower secondary education (levels 0-2)","Percentage","10.3","b"
"2008","Czech Republic","Females","From 15 to 19 years","Not employed persons","Neither formal nor non-formal education and training","Less than primary, primary and lower secondary education (levels 0-2)","Percentage","2.0",""
"2008","Denmark","Females","From 15 to 19 years","Not employed persons","Neither formal nor non-formal education and training","Less than primary, primary and lower secondary education (levels 0-2)","Percentage","1.8","u"
"2008","Germany (until 1990 former territory of the FRG)","Females","From 15 to 19 years","Not employed persons","Neither formal nor non-formal education and training","Less than primary, primary and lower secondary education (levels 0-2)","Percentage","2.8","b"
"2008","Estonia","Females","From 15 to 19 years","Not employed persons","Neither formal nor non-formal education and training","Less than primary, primary and lower secondary education (levels 0-2)","Percentage","4.4","u"
"2008","Ireland","Females","From 15 to 19 years","Not employed persons","Neither formal nor non-formal education and training","Less than primary, primary and lower secondary education (levels 0-2)","Percentage","6.9",""
"2008","Greece","Females","From 15 to 19 years","Not employed persons","Neither formal nor non-formal education and training","Less than primary, primary and lower secondary education (levels 0-2)","Percentage","2.3","b"
"2008","Spain","Females","From 15 to 19 years","Not employed persons","Neither formal nor non-formal education and training","Less than primary, primary and lower secondary education (levels 0-2)","Percentage","9.1",""
"2008","France","Females","From 15 to 19 years","Not employed persons","Neither formal nor non-formal education and training","Less than primary, primary and lower secondary education (levels 0-2)","Percentage","2.8",""
"2008","Croatia","Females","From 15 to 19 years","Not employed persons","Neither formal nor non-formal education and training","Less than primary, primary and lower secondary education (levels 0-2)","Percentage","1.7","u"
"2008","Italy","Females","From 15 to 19 years","Not employed persons","Neither formal nor non-formal education and training","Less than primary, primary and lower secondary education (levels 0-2)","Percentage","8.2",""
"2008","Cyprus","Females","From 15 to 19 years","Not employed persons","Neither formal nor non-formal education and training","Less than primary, primary and lower secondary education (levels 0-2)","Percentage","2.2","u"
"2008","Latvia","Females","From 15 to 19 years","Not employed persons","Neither formal nor non-formal education and training","Less than primary, primary and lower secondary education (levels 0-2)","Percentage","4.9",""
"2008","Lithuania","Females","From 15 to 19 years","Not employed persons","Neither formal nor non-formal education and training","Less than primary, primary and lower secondary education (levels 0-2)","Percentage",":","u"
"2008","Luxembourg","Females","From 15 to 19 years","Not employed persons","Neither formal nor non-formal education and training","Less than primary, primary and lower secondary education (levels 0-2)","Percentage",":","u"
"2008","Hungary","Females","From 15 to 19 years","Not employed persons","Neither formal nor non-formal education and training","Less than primary, primary and lower secondary education (levels 0-2)","Percentage","4.6",""
"2008","Malta","Females","From 15 to 19 years","Not employed persons","Neither formal nor non-formal education and training","Less than primary, primary and lower secondary education (levels 0-2)","Percentage","6.3",""
"2008","Netherlands","Females","From 15 to 19 years","Not employed persons","Neither formal nor non-formal education and training","Less than primary, primary and lower secondary education (levels 0-2)","Percentage","1.1",""
"2008","Austria","Females","From 15 to 19 years","Not employed persons","Neither formal nor non-formal education and training","Less than primary, primary and lower secondary education (levels 0-2)","Percentage","3.8",""
"2008","Poland","Females","From 15 to 19 years","Not employed persons","Neither formal nor non-formal education and training","Less than primary, primary and lower secondary education (levels 0-2)","Percentage","1.4","b"
"2008","Portugal","Females","From 15 to 19 years","Not employed persons","Neither formal nor non-formal education and training","Less than primary, primary and lower secondary education (levels 0-2)","Percentage","5.2",""
"2008","Romania","Females","From 15 to 19 years","Not employed persons","Neither formal nor non-formal education and training","Less than primary, primary and lower secondary education (levels 0-2)","Percentage","7.0",""
"2008","Slovenia","Females","From 15 to 19 years","Not employed persons","Neither formal nor non-formal education and training","Less than primary, primary and lower secondary education (levels 0-2)","Percentage","1.4","u"
"2008","Slovakia","Females","From 15 to 19 years","Not employed persons","Neither formal nor non-formal education and training","Less than primary, primary and lower secondary education (levels 0-2)","Percentage","2.8",""
"2008","Finland","Females","From 15 to 19 years","Not employed persons","Neither formal nor non-formal education and training","Less than primary, primary and lower secondary education (levels 0-2)","Percentage","3.5",""
"2008","Sweden","Females","From 15 to 19 years","Not employed persons","Neither formal nor non-formal education and training","Less than primary, primary and lower secondary education (levels 0-2)","Percentage","1.8","b"
"2008","United Kingdom","Females","From 15 to 19 years","Not employed persons","Neither formal nor non-formal education and training","Less than primary, primary and lower secondary education (levels 0-2)","Percentage","4.7","b"
"2009","European Union (28 countries)","Females","From 15 to 19 years","Not employed persons","Neither formal nor non-formal education and training","Less than primary, primary and lower secondary education (levels 0-2)","Percentage","4.3",""
"2009","European Union (27 countries)","Females","From 15 to 19 years","Not employed persons","Neither formal nor non-formal education and training","Less than primary, primary and lower secondary education (levels 0-2)","Percentage","4.3",""
"2009","Euro area (19 countries)","Females","From 15 to 19 years","Not employed persons","Neither formal nor non-formal education and training","Less than primary, primary and lower secondary education (levels 0-2)","Percentage","4.5",""
"2009","Euro area (18 countries)","Females","From 15 to 19 years","Not employed persons","Neither formal nor non-formal education and training","Less than primary, primary and lower secondary education (levels 0-2)","Percentage","4.5",""
"2009","Belgium","Females","From 15 to 19 years","Not employed persons","Neither formal nor non-formal education and training","Less than primary, primary and lower secondary education (levels 0-2)","Percentage","3.6",""
"2009","Bulgaria","Females","From 15 to 19 years","Not employed persons","Neither formal nor non-formal education and training","Less than primary, primary and lower secondary education (levels 0-2)","Percentage","10.6",""
"2009","Czech Republic","Females","From 15 to 19 years","Not employed persons","Neither formal nor non-formal education and training","Less than primary, primary and lower secondary education (levels 0-2)","Percentage","2.2",""
"2009","Denmark","Females","From 15 to 19 years","Not employed persons","Neither formal nor non-formal education and training","Less than primary, primary and lower secondary education (levels 0-2)","Percentage","2.9",""
"2009","Germany (until 1990 former territory of the FRG)","Females","From 15 to 19 years","Not employed persons","Neither formal nor non-formal education and training","Less than primary, primary and lower secondary education (levels 0-2)","Percentage","2.7",""
"2009","Estonia","Females","From 15 to 19 years","Not employed persons","Neither formal nor non-formal education and training","Less than primary, primary and lower secondary education (levels 0-2)","Percentage","3.5","bu"
"2009","Ireland","Females","From 15 to 19 years","Not employed persons","Neither formal nor non-formal education and training","Less than primary, primary and lower secondary education (levels 0-2)","Percentage","6.0","b"
"2009","Greece","Females","From 15 to 19 years","Not employed persons","Neither formal nor non-formal education and training","Less than primary, primary and lower secondary education (levels 0-2)","Percentage","2.8","b"
"2009","Spain","Females","From 15 to 19 years","Not employed persons","Neither formal nor non-formal education and training","Less than primary, primary and lower secondary education (levels 0-2)","Percentage","8.8",""
"2009","France","Females","From 15 to 19 years","Not employed persons","Neither formal nor non-formal education and training","Less than primary, primary and lower secondary education (levels 0-2)","Percentage","3.6",""
"2009","Croatia","Females","From 15 to 19 years","Not employed persons","Neither formal nor non-formal education and training","Less than primary, primary and lower secondary education (levels 0-2)","Percentage","1.8","u"
"2009","Italy","Females","From 15 to 19 years","Not employed persons","Neither formal nor non-formal education and training","Less than primary, primary and lower secondary education (levels 0-2)","Percentage","7.1",""
"2009","Cyprus","Females","From 15 to 19 years","Not employed persons","Neither formal nor non-formal education and training","Less than primary, primary and lower secondary education (levels 0-2)","Percentage",":","bu"
"2009","Latvia","Females","From 15 to 19 years","Not employed persons","Neither formal nor non-formal education and training","Less than primary, primary and lower secondary education (levels 0-2)","Percentage","4.0",""
"2009","Lithuania","Females","From 15 to 19 years","Not employed persons","Neither formal nor non-formal education and training","Less than primary, primary and lower secondary education (levels 0-2)","Percentage",":","u"
"2009","Luxembourg","Females","From 15 to 19 years","Not employed persons","Neither formal nor non-formal education and training","Less than primary, primary and lower secondary education (levels 0-2)","Percentage",":","bu"
"2009","Hungary","Females","From 15 to 19 years","Not employed persons","Neither formal nor non-formal education and training","Less than primary, primary and lower secondary education (levels 0-2)","Percentage","5.0",""
"2009","Malta","Females","From 15 to 19 years","Not employed persons","Neither formal nor non-formal education and training","Less than primary, primary and lower secondary education (levels 0-2)","Percentage","6.0",""
"2009","Netherlands","Females","From 15 to 19 years","Not employed persons","Neither formal nor non-formal education and training","Less than primary, primary and lower secondary education (levels 0-2)","Percentage","1.0",""
"2009","Austria","Females","From 15 to 19 years","Not employed persons","Neither formal nor non-formal education and training","Less than primary, primary and lower secondary education (levels 0-2)","Percentage","4.0",""
"2009","Poland","Females","From 15 to 19 years","Not employed persons","Neither formal nor non-formal education and training","Less than primary, primary and lower secondary education (levels 0-2)","Percentage","1.5",""
"2009","Portugal","Females","From 15 to 19 years","Not employed persons","Neither formal nor non-formal education and training","Less than primary, primary and lower secondary education (levels 0-2)","Percentage","4.5",""
"2009","Romania","Females","From 15 to 19 years","Not employed persons","Neither formal nor non-formal education and training","Less than primary, primary and lower secondary education (levels 0-2)","Percentage","7.0",""
"2009","Slovenia","Females","From 15 to 19 years","Not employed persons","Neither formal nor non-formal education and training","Less than primary, primary and lower secondary education (levels 0-2)","Percentage","1.5","u"
"2009","Slovakia","Females","From 15 to 19 years","Not employed persons","Neither formal nor non-formal education and training","Less than primary, primary and lower secondary education (levels 0-2)","Percentage","2.2",""
"2009","Finland","Females","From 15 to 19 years","Not employed persons","Neither formal nor non-formal education and training","Less than primary, primary and lower secondary education (levels 0-2)","Percentage","4.0",""
"2009","Sweden","Females","From 15 to 19 years","Not employed persons","Neither formal nor non-formal education and training","Less than primary, primary and lower secondary education (levels 0-2)","Percentage","1.6",""
"2009","United Kingdom","Females","From 15 to 19 years","Not employed persons","Neither formal nor non-formal education and training","Less than primary, primary and lower secondary education (levels 0-2)","Percentage","4.5",""
"2010","European Union (28 countries)","Females","From 15 to 19 years","Not employed persons","Neither formal nor non-formal education and training","Less than primary, primary and lower secondary education (levels 0-2)","Percentage","4.2",""
"2010","European Union (27 countries)","Females","From 15 to 19 years","Not employed persons","Neither formal nor non-formal education and training","Less than primary, primary and lower secondary education (levels 0-2)","Percentage","4.2",""
"2010","Euro area (19 countries)","Females","From 15 to 19 years","Not employed persons","Neither formal nor non-formal education and training","Less than primary, primary and lower secondary education (levels 0-2)","Percentage","4.4",""
"2010","Euro area (18 countries)","Females","From 15 to 19 years","Not employed persons","Neither formal nor non-formal education and training","Less than primary, primary and lower secondary education (levels 0-2)","Percentage","4.4",""
"2010","Belgium","Females","From 15 to 19 years","Not employed persons","Neither formal nor non-formal education and training","Less than primary, primary and lower secondary education (levels 0-2)","Percentage","3.2",""
"2010","Bulgaria","Females","From 15 to 19 years","Not employed persons","Neither formal nor non-formal education and training","Less than primary, primary and lower secondary education (levels 0-2)","Percentage","8.8","b"
"2010","Czech Republic","Females","From 15 to 19 years","Not employed persons","Neither formal nor non-formal education and training","Less than primary, primary and lower secondary education (levels 0-2)","Percentage","2.5",""
"2010","Denmark","Females","From 15 to 19 years","Not employed persons","Neither formal nor non-formal education and training","Less than primary, primary and lower secondary education (levels 0-2)","Percentage","2.1","u"
"2010","Germany (until 1990 former territory of the FRG)","Females","From 15 to 19 years","Not employed persons","Neither formal nor non-formal education and training","Less than primary, primary and lower secondary education (levels 0-2)","Percentage","2.5","b"
"2010","Estonia","Females","From 15 to 19 years","Not employed persons","Neither formal nor non-formal education and training","Less than primary, primary and lower secondary education (levels 0-2)","Percentage","3.6","u"
"2010","Ireland","Females","From 15 to 19 years","Not employed persons","Neither formal nor non-formal education and training","Less than primary, primary and lower secondary education (levels 0-2)","Percentage","6.4",""
"2010","Greece","Females","From 15 to 19 years","Not employed persons","Neither formal nor non-formal education and training","Less than primary, primary and lower secondary education (levels 0-2)","Percentage","2.6",""
"2010","Spain","Females","From 15 to 19 years","Not employed persons","Neither formal nor non-formal education and training","Less than primary, primary and lower secondary education (levels 0-2)","Percentage","8.4",""
"2010","France","Females","From 15 to 19 years","Not employed persons","Neither formal nor non-formal education and training","Less than primary, primary and lower secondary education (levels 0-2)","Percentage","3.6",""
"2010","Croatia","Females","From 15 to 19 years","Not employed persons","Neither formal nor non-formal education and training","Less than primary, primary and lower secondary education (levels 0-2)","Percentage","3.1","bu"
"2010","Italy","Females","From 15 to 19 years","Not employed persons","Neither formal nor non-formal education and training","Less than primary, primary and lower secondary education (levels 0-2)","Percentage","7.4",""
"2010","Cyprus","Females","From 15 to 19 years","Not employed persons","Neither formal nor non-formal education and training","Less than primary, primary and lower secondary education (levels 0-2)","Percentage","2.1","u"
"2010","Latvia","Females","From 15 to 19 years","Not employed persons","Neither formal nor non-formal education and training","Less than primary, primary and lower secondary education (levels 0-2)","Percentage","4.8","u"
"2010","Lithuania","Females","From 15 to 19 years","Not employed persons","Neither formal nor non-formal education and training","Less than primary, primary and lower secondary education (levels 0-2)","Percentage",":","u"
"2010","Luxembourg","Females","From 15 to 19 years","Not employed persons","Neither formal nor non-formal education and training","Less than primary, primary and lower secondary education (levels 0-2)","Percentage",":","u"
"2010","Hungary","Females","From 15 to 19 years","Not employed persons","Neither formal nor non-formal education and training","Less than primary, primary and lower secondary education (levels 0-2)","Percentage","3.8",""
"2010","Malta","Females","From 15 to 19 years","Not employed persons","Neither formal nor non-formal education and training","Less than primary, primary and lower secondary education (levels 0-2)","Percentage","7.9",""
"2010","Netherlands","Females","From 15 to 19 years","Not employed persons","Neither formal nor non-formal education and training","Less than primary, primary and lower secondary education (levels 0-2)","Percentage","1.2","b"
"2010","Austria","Females","From 15 to 19 years","Not employed persons","Neither formal nor non-formal education and training","Less than primary, primary and lower secondary education (levels 0-2)","Percentage","3.5",""
"2010","Poland","Females","From 15 to 19 years","Not employed persons","Neither formal nor non-formal education and training","Less than primary, primary and lower secondary education (levels 0-2)","Percentage","1.1","bu"
"2010","Portugal","Females","From 15 to 19 years","Not employed persons","Neither formal nor non-formal education and training","Less than primary, primary and lower secondary education (levels 0-2)","Percentage","3.9",""
"2010","Romania","Females","From 15 to 19 years","Not employed persons","Neither formal nor non-formal education and training","Less than primary, primary and lower secondary education (levels 0-2)","Percentage","7.8","b"
"2010","Slovenia","Females","From 15 to 19 years","Not employed persons","Neither formal nor non-formal education and training","Less than primary, primary and lower secondary education (levels 0-2)","Percentage","2.2","u"
"2010","Slovakia","Females","From 15 to 19 years","Not employed persons","Neither formal nor non-formal education and training","Less than primary, primary and lower secondary education (levels 0-2)","Percentage","3.0",""
"2010","Finland","Females","From 15 to 19 years","Not employed persons","Neither formal nor non-formal education and training","Less than primary, primary and lower secondary education (levels 0-2)","Percentage","3.2",""
"2010","Sweden","Females","From 15 to 19 years","Not employed persons","Neither formal nor non-formal education and training","Less than primary, primary and lower secondary education (levels 0-2)","Percentage","1.5",""
"2010","United Kingdom","Females","From 15 to 19 years","Not employed persons","Neither formal nor non-formal education and training","Less than primary, primary and lower secondary education (levels 0-2)","Percentage","4.4","b"
"2011","European Union (28 countries)","Females","From 15 to 19 years","Not employed persons","Neither formal nor non-formal education and training","Less than primary, primary and lower secondary education (levels 0-2)","Percentage","4.1",""
"2011","European Union (27 countries)","Females","From 15 to 19 years","Not employed persons","Neither formal nor non-formal education and training","Less than primary, primary and lower secondary education (levels 0-2)","Percentage","4.1",""
"2011","Euro area (19 countries)","Females","From 15 to 19 years","Not employed persons","Neither formal nor non-formal education and training","Less than primary, primary and lower secondary education (levels 0-2)","Percentage","4.4",""
"2011","Euro area (18 countries)","Females","From 15 to 19 years","Not employed persons","Neither formal nor non-formal education and training","Less than primary, primary and lower secondary education (levels 0-2)","Percentage","4.5",""
"2011","Belgium","Females","From 15 to 19 years","Not employed persons","Neither formal nor non-formal education and training","Less than primary, primary and lower secondary education (levels 0-2)","Percentage","4.2","b"
"2011","Bulgaria","Females","From 15 to 19 years","Not employed persons","Neither formal nor non-formal education and training","Less than primary, primary and lower secondary education (levels 0-2)","Percentage","9.7",""
"2011","Czech Republic","Females","From 15 to 19 years","Not employed persons","Neither formal nor non-formal education and training","Less than primary, primary and lower secondary education (levels 0-2)","Percentage","2.1","b"
"2011","Denmark","Females","From 15 to 19 years","Not employed persons","Neither formal nor non-formal education and training","Less than primary, primary and lower secondary education (levels 0-2)","Percentage","2.5",""
"2011","Germany (until 1990 former territory of the FRG)","Females","From 15 to 19 years","Not employed persons","Neither formal nor non-formal education and training","Less than primary, primary and lower secondary education (levels 0-2)","Percentage","2.6","b"
"2011","Estonia","Females","From 15 to 19 years","Not employed persons","Neither formal nor non-formal education and training","Less than primary, primary and lower secondary education (levels 0-2)","Percentage",":","u"
"2011","Ireland","Females","From 15 to 19 years","Not employed persons","Neither formal nor non-formal education and training","Less than primary, primary and lower secondary education (levels 0-2)","Percentage","5.3",""
"2011","Greece","Females","From 15 to 19 years","Not employed persons","Neither formal nor non-formal education and training","Less than primary, primary and lower secondary education (levels 0-2)","Percentage","3.4",""
"2011","Spain","Females","From 15 to 19 years","Not employed persons","Neither formal nor non-formal education and training","Less than primary, primary and lower secondary education (levels 0-2)","Percentage","8.0",""
"2011","France","Females","From 15 to 19 years","Not employed persons","Neither formal nor non-formal education and training","Less than primary, primary and lower secondary education (levels 0-2)","Percentage","3.5",""
"2011","Croatia","Females","From 15 to 19 years","Not employed persons","Neither formal nor non-formal education and training","Less than primary, primary and lower secondary education (levels 0-2)","Percentage","2.4","u"
"2011","Italy","Females","From 15 to 19 years","Not employed persons","Neither formal nor non-formal education and training","Less than primary, primary and lower secondary education (levels 0-2)","Percentage","7.4",""
"2011","Cyprus","Females","From 15 to 19 years","Not employed persons","Neither formal nor non-formal education and training","Less than primary, primary and lower secondary education (levels 0-2)","Percentage",":","u"
"2011","Latvia","Females","From 15 to 19 years","Not employed persons","Neither formal nor non-formal education and training","Less than primary, primary and lower secondary education (levels 0-2)","Percentage","4.9","u"
"2011","Lithuania","Females","From 15 to 19 years","Not employed persons","Neither formal nor non-formal education and training","Less than primary, primary and lower secondary education (levels 0-2)","Percentage",":","u"
"2011","Luxembourg","Females","From 15 to 19 years","Not employed persons","Neither formal nor non-formal education and training","Less than primary, primary and lower secondary education (levels 0-2)","Percentage",":","u"
"2011","Hungary","Females","From 15 to 19 years","Not employed persons","Neither formal nor non-formal education and training","Less than primary, primary and lower secondary education (levels 0-2)","Percentage","3.7",""
"2011","Malta","Females","From 15 to 19 years","Not employed persons","Neither formal nor non-formal education and training","Less than primary, primary and lower secondary education (levels 0-2)","Percentage","6.7","b"
"2011","Netherlands","Females","From 15 to 19 years","Not employed persons","Neither formal nor non-formal education and training","Less than primary, primary and lower secondary education (levels 0-2)","Percentage","1.2",""
"2011","Austria","Females","From 15 to 19 years","Not employed persons","Neither formal nor non-formal education and training","Less than primary, primary and lower secondary education (levels 0-2)","Percentage","3.7",""
"2011","Poland","Females","From 15 to 19 years","Not employed persons","Neither formal nor non-formal education and training","Less than primary, primary and lower secondary education (levels 0-2)","Percentage","1.2","u"
"2011","Portugal","Females","From 15 to 19 years","Not employed persons","Neither formal nor non-formal education and training","Less than primary, primary and lower secondary education (levels 0-2)","Percentage","5.0","b"
"2011","Romania","Females","From 15 to 19 years","Not employed persons","Neither formal nor non-formal education and training","Less than primary, primary and lower secondary education (levels 0-2)","Percentage","7.3",""
"2011","Slovenia","Females","From 15 to 19 years","Not employed persons","Neither formal nor non-formal education and training","Less than primary, primary and lower secondary education (levels 0-2)","Percentage","1.6","u"
"2011","Slovakia","Females","From 15 to 19 years","Not employed persons","Neither formal nor non-formal education and training","Less than primary, primary and lower secondary education (levels 0-2)","Percentage","3.0","b"
"2011","Finland","Females","From 15 to 19 years","Not employed persons","Neither formal nor non-formal education and training","Less than primary, primary and lower secondary education (levels 0-2)","Percentage","3.0",""
"2011","Sweden","Females","From 15 to 19 years","Not employed persons","Neither formal nor non-formal education and training","Less than primary, primary and lower secondary education (levels 0-2)","Percentage","1.5",""
"2011","United Kingdom","Females","From 15 to 19 years","Not employed persons","Neither formal nor non-formal education and training","Less than primary, primary and lower secondary education (levels 0-2)","Percentage","3.7","b"
"2012","European Union (28 countries)","Females","From 15 to 19 years","Not employed persons","Neither formal nor non-formal education and training","Less than primary, primary and lower secondary education (levels 0-2)","Percentage","3.8",""
"2012","European Union (27 countries)","Females","From 15 to 19 years","Not employed persons","Neither formal nor non-formal education and training","Less than primary, primary and lower secondary education (levels 0-2)","Percentage","3.8",""
"2012","Euro area (19 countries)","Females","From 15 to 19 years","Not employed persons","Neither formal nor non-formal education and training","Less than primary, primary and lower secondary education (levels 0-2)","Percentage","4.1",""
"2012","Euro area (18 countries)","Females","From 15 to 19 years","Not employed persons","Neither formal nor non-formal education and training","Less than primary, primary and lower secondary education (levels 0-2)","Percentage","4.1",""
"2012","Belgium","Females","From 15 to 19 years","Not employed persons","Neither formal nor non-formal education and training","Less than primary, primary and lower secondary education (levels 0-2)","Percentage","4.8",""
"2012","Bulgaria","Females","From 15 to 19 years","Not employed persons","Neither formal nor non-formal education and training","Less than primary, primary and lower secondary education (levels 0-2)","Percentage","9.5",""
"2012","Czech Republic","Females","From 15 to 19 years","Not employed persons","Neither formal nor non-formal education and training","Less than primary, primary and lower secondary education (levels 0-2)","Percentage","1.7",""
"2012","Denmark","Females","From 15 to 19 years","Not employed persons","Neither formal nor non-formal education and training","Less than primary, primary and lower secondary education (levels 0-2)","Percentage","2.6",""
"2012","Germany (until 1990 former territory of the FRG)","Females","From 15 to 19 years","Not employed persons","Neither formal nor non-formal education and training","Less than primary, primary and lower secondary education (levels 0-2)","Percentage","2.2",""
"2012","Estonia","Females","From 15 to 19 years","Not employed persons","Neither formal nor non-formal education and training","Less than primary, primary and lower secondary education (levels 0-2)","Percentage",":","u"
"2012","Ireland","Females","From 15 to 19 years","Not employed persons","Neither formal nor non-formal education and training","Less than primary, primary and lower secondary education (levels 0-2)","Percentage","6.5",""
"2012","Greece","Females","From 15 to 19 years","Not employed persons","Neither formal nor non-formal education and training","Less than primary, primary and lower secondary education (levels 0-2)","Percentage","3.3",""
"2012","Spain","Females","From 15 to 19 years","Not employed persons","Neither formal nor non-formal education and training","Less than primary, primary and lower secondary education (levels 0-2)","Percentage","7.4",""
"2012","France","Females","From 15 to 19 years","Not employed persons","Neither formal nor non-formal education and training","Less than primary, primary and lower secondary education (levels 0-2)","Percentage","3.3",""
"2012","Croatia","Females","From 15 to 19 years","Not employed persons","Neither formal nor non-formal education and training","Less than primary, primary and lower secondary education (levels 0-2)","Percentage","2.3","u"
"2012","Italy","Females","From 15 to 19 years","Not employed persons","Neither formal nor non-formal education and training","Less than primary, primary and lower secondary education (levels 0-2)","Percentage","6.7",""
"2012","Cyprus","Females","From 15 to 19 years","Not employed persons","Neither formal nor non-formal education and training","Less than primary, primary and lower secondary education (levels 0-2)","Percentage",":","u"
"2012","Latvia","Females","From 15 to 19 years","Not employed persons","Neither formal nor non-formal education and training","Less than primary, primary and lower secondary education (levels 0-2)","Percentage","5.4",""
"2012","Lithuania","Females","From 15 to 19 years","Not employed persons","Neither formal nor non-formal education and training","Less than primary, primary and lower secondary education (levels 0-2)","Percentage",":","u"
"2012","Luxembourg","Females","From 15 to 19 years","Not employed persons","Neither formal nor non-formal education and training","Less than primary, primary and lower secondary education (levels 0-2)","Percentage",":","u"
"2012","Hungary","Females","From 15 to 19 years","Not employed persons","Neither formal nor non-formal education and training","Less than primary, primary and lower secondary education (levels 0-2)","Percentage","4.7",""
"2012","Malta","Females","From 15 to 19 years","Not employed persons","Neither formal nor non-formal education and training","Less than primary, primary and lower secondary education (levels 0-2)","Percentage","7.9",""
"2012","Netherlands","Females","From 15 to 19 years","Not employed persons","Neither formal nor non-formal education and training","Less than primary, primary and lower secondary education (levels 0-2)","Percentage","1.4",""
"2012","Austria","Females","From 15 to 19 years","Not employed persons","Neither formal nor non-formal education and training","Less than primary, primary and lower secondary education (levels 0-2)","Percentage","3.2",""
"2012","Poland","Females","From 15 to 19 years","Not employed persons","Neither formal nor non-formal education and training","Less than primary, primary and lower secondary education (levels 0-2)","Percentage","1.1","u"
"2012","Portugal","Females","From 15 to 19 years","Not employed persons","Neither formal nor non-formal education and training","Less than primary, primary and lower secondary education (levels 0-2)","Percentage","3.3",""
"2012","Romania","Females","From 15 to 19 years","Not employed persons","Neither formal nor non-formal education and training","Less than primary, primary and lower secondary education (levels 0-2)","Percentage","7.2",""
"2012","Slovenia","Females","From 15 to 19 years","Not employed persons","Neither formal nor non-formal education and training","Less than primary, primary and lower secondary education (levels 0-2)","Percentage","2.2","u"
"2012","Slovakia","Females","From 15 to 19 years","Not employed persons","Neither formal nor non-formal education and training","Less than primary, primary and lower secondary education (levels 0-2)","Percentage","2.6",""
"2012","Finland","Females","From 15 to 19 years","Not employed persons","Neither formal nor non-formal education and training","Less than primary, primary and lower secondary education (levels 0-2)","Percentage","3.3",""
"2012","Sweden","Females","From 15 to 19 years","Not employed persons","Neither formal nor non-formal education and training","Less than primary, primary and lower secondary education (levels 0-2)","Percentage","2.2",""
"2012","United Kingdom","Females","From 15 to 19 years","Not employed persons","Neither formal nor non-formal education and training","Less than primary, primary and lower secondary education (levels 0-2)","Percentage","3.3",""
"2013","European Union (28 countries)","Females","From 15 to 19 years","Not employed persons","Neither formal nor non-formal education and training","Less than primary, primary and lower secondary education (levels 0-2)","Percentage","3.6",""
"2013","European Union (27 countries)","Females","From 15 to 19 years","Not employed persons","Neither formal nor non-formal education and training","Less than primary, primary and lower secondary education (levels 0-2)","Percentage","3.6",""
"2013","Euro area (19 countries)","Females","From 15 to 19 years","Not employed persons","Neither formal nor non-formal education and training","Less than primary, primary and lower secondary education (levels 0-2)","Percentage","3.9",""
"2013","Euro area (18 countries)","Females","From 15 to 19 years","Not employed persons","Neither formal nor non-formal education and training","Less than primary, primary and lower secondary education (levels 0-2)","Percentage","3.9",""
"2013","Belgium","Females","From 15 to 19 years","Not employed persons","Neither formal nor non-formal education and training","Less than primary, primary and lower secondary education (levels 0-2)","Percentage","4.5",""
"2013","Bulgaria","Females","From 15 to 19 years","Not employed persons","Neither formal nor non-formal education and training","Less than primary, primary and lower secondary education (levels 0-2)","Percentage","8.9",""
"2013","Czech Republic","Females","From 15 to 19 years","Not employed persons","Neither formal nor non-formal education and training","Less than primary, primary and lower secondary education (levels 0-2)","Percentage","1.6","b"
"2013","Denmark","Females","From 15 to 19 years","Not employed persons","Neither formal nor non-formal education and training","Less than primary, primary and lower secondary education (levels 0-2)","Percentage","2.0","u"
"2013","Germany (until 1990 former territory of the FRG)","Females","From 15 to 19 years","Not employed persons","Neither formal nor non-formal education and training","Less than primary, primary and lower secondary education (levels 0-2)","Percentage","1.9",""
"2013","Estonia","Females","From 15 to 19 years","Not employed persons","Neither formal nor non-formal education and training","Less than primary, primary and lower secondary education (levels 0-2)","Percentage",":","u"
"2013","Ireland","Females","From 15 to 19 years","Not employed persons","Neither formal nor non-formal education and training","Less than primary, primary and lower secondary education (levels 0-2)","Percentage","6.1",""
"2013","Greece","Females","From 15 to 19 years","Not employed persons","Neither formal nor non-formal education and training","Less than primary, primary and lower secondary education (levels 0-2)","Percentage","2.4",""
"2013","Spain","Females","From 15 to 19 years","Not employed persons","Neither formal nor non-formal education and training","Less than primary, primary and lower secondary education (levels 0-2)","Percentage","6.9",""
"2013","France","Females","From 15 to 19 years","Not employed persons","Neither formal nor non-formal education and training","Less than primary, primary and lower secondary education (levels 0-2)","Percentage","4.0","b"
"2013","Croatia","Females","From 15 to 19 years","Not employed persons","Neither formal nor non-formal education and training","Less than primary, primary and lower secondary education (levels 0-2)","Percentage","2.7","u"
"2013","Italy","Females","From 15 to 19 years","Not employed persons","Neither formal nor non-formal education and training","Less than primary, primary and lower secondary education (levels 0-2)","Percentage","5.7",""
"2013","Cyprus","Females","From 15 to 19 years","Not employed persons","Neither formal nor non-formal education and training","Less than primary, primary and lower secondary education (levels 0-2)","Percentage",":","u"
"2013","Latvia","Females","From 15 to 19 years","Not employed persons","Neither formal nor non-formal education and training","Less than primary, primary and lower secondary education (levels 0-2)","Percentage",":","u"
"2013","Lithuania","Females","From 15 to 19 years","Not employed persons","Neither formal nor non-formal education and training","Less than primary, primary and lower secondary education (levels 0-2)","Percentage",":","u"
"2013","Luxembourg","Females","From 15 to 19 years","Not employed persons","Neither formal nor non-formal education and training","Less than primary, primary and lower secondary education (levels 0-2)","Percentage",":","u"
"2013","Hungary","Females","From 15 to 19 years","Not employed persons","Neither formal nor non-formal education and training","Less than primary, primary and lower secondary education (levels 0-2)","Percentage","4.8",""
"2013","Malta","Females","From 15 to 19 years","Not employed persons","Neither formal nor non-formal education and training","Less than primary, primary and lower secondary education (levels 0-2)","Percentage","8.2",""
"2013","Netherlands","Females","From 15 to 19 years","Not employed persons","Neither formal nor non-formal education and training","Less than primary, primary and lower secondary education (levels 0-2)","Percentage","1.3","b"
"2013","Austria","Females","From 15 to 19 years","Not employed persons","Neither formal nor non-formal education and training","Less than primary, primary and lower secondary education (levels 0-2)","Percentage","3.4",""
"2013","Poland","Females","From 15 to 19 years","Not employed persons","Neither formal nor non-formal education and training","Less than primary, primary and lower secondary education (levels 0-2)","Percentage","1.1","bu"
"2013","Portugal","Females","From 15 to 19 years","Not employed persons","Neither formal nor non-formal education and training","Less than primary, primary and lower secondary education (levels 0-2)","Percentage","3.2",""
"2013","Romania","Females","From 15 to 19 years","Not employed persons","Neither formal nor non-formal education and training","Less than primary, primary and lower secondary education (levels 0-2)","Percentage","6.6",""
"2013","Slovenia","Females","From 15 to 19 years","Not employed persons","Neither formal nor non-formal education and training","Less than primary, primary and lower secondary education (levels 0-2)","Percentage","1.8","u"
"2013","Slovakia","Females","From 15 to 19 years","Not employed persons","Neither formal nor non-formal education and training","Less than primary, primary and lower secondary education (levels 0-2)","Percentage","3.4",""
"2013","Finland","Females","From 15 to 19 years","Not employed persons","Neither formal nor non-formal education and training","Less than primary, primary and lower secondary education (levels 0-2)","Percentage","3.6",""
"2013","Sweden","Females","From 15 to 19 years","Not employed persons","Neither formal nor non-formal education and training","Less than primary, primary and lower secondary education (levels 0-2)","Percentage","1.9",""
"2013","United Kingdom","Females","From 15 to 19 years","Not employed persons","Neither formal nor non-formal education and training","Less than primary, primary and lower secondary education (levels 0-2)","Percentage","3.2",""
"2014","European Union (28 countries)","Females","From 15 to 19 years","Not employed persons","Neither formal nor non-formal education and training","Less than primary, primary and lower secondary education (levels 0-2)","Percentage","3.4","b"
"2014","European Union (27 countries)","Females","From 15 to 19 years","Not employed persons","Neither formal nor non-formal education and training","Less than primary, primary and lower secondary education (levels 0-2)","Percentage","3.5","b"
"2014","Euro area (19 countries)","Females","From 15 to 19 years","Not employed persons","Neither formal nor non-formal education and training","Less than primary, primary and lower secondary education (levels 0-2)","Percentage","3.6","b"
"2014","Euro area (18 countries)","Females","From 15 to 19 years","Not employed persons","Neither formal nor non-formal education and training","Less than primary, primary and lower secondary education (levels 0-2)","Percentage","3.6","b"
"2014","Belgium","Females","From 15 to 19 years","Not employed persons","Neither formal nor non-formal education and training","Less than primary, primary and lower secondary education (levels 0-2)","Percentage","4.2","b"
"2014","Bulgaria","Females","From 15 to 19 years","Not employed persons","Neither formal nor non-formal education and training","Less than primary, primary and lower secondary education (levels 0-2)","Percentage","9.6","b"
"2014","Czech Republic","Females","From 15 to 19 years","Not employed persons","Neither formal nor non-formal education and training","Less than primary, primary and lower secondary education (levels 0-2)","Percentage","1.3","bu"
"2014","Denmark","Females","From 15 to 19 years","Not employed persons","Neither formal nor non-formal education and training","Less than primary, primary and lower secondary education (levels 0-2)","Percentage","2.0","bu"
"2014","Germany (until 1990 former territory of the FRG)","Females","From 15 to 19 years","Not employed persons","Neither formal nor non-formal education and training","Less than primary, primary and lower secondary education (levels 0-2)","Percentage","1.8","b"
"2014","Estonia","Females","From 15 to 19 years","Not employed persons","Neither formal nor non-formal education and training","Less than primary, primary and lower secondary education (levels 0-2)","Percentage",":","bu"
"2014","Ireland","Females","From 15 to 19 years","Not employed persons","Neither formal nor non-formal education and training","Less than primary, primary and lower secondary education (levels 0-2)","Percentage","6.3","b"
"2014","Greece","Females","From 15 to 19 years","Not employed persons","Neither formal nor non-formal education and training","Less than primary, primary and lower secondary education (levels 0-2)","Percentage","2.3","b"
"2014","Spain","Females","From 15 to 19 years","Not employed persons","Neither formal nor non-formal education and training","Less than primary, primary and lower secondary education (levels 0-2)","Percentage","6.2","b"
"2014","France","Females","From 15 to 19 years","Not employed persons","Neither formal nor non-formal education and training","Less than primary, primary and lower secondary education (levels 0-2)","Percentage","3.6","b"
"2014","Croatia","Females","From 15 to 19 years","Not employed persons","Neither formal nor non-formal education and training","Less than primary, primary and lower secondary education (levels 0-2)","Percentage","1.7","bu"
"2014","Italy","Females","From 15 to 19 years","Not employed persons","Neither formal nor non-formal education and training","Less than primary, primary and lower secondary education (levels 0-2)","Percentage","5.5","b"
"2014","Cyprus","Females","From 15 to 19 years","Not employed persons","Neither formal nor non-formal education and training","Less than primary, primary and lower secondary education (levels 0-2)","Percentage",":","bu"
"2014","Latvia","Females","From 15 to 19 years","Not employed persons","Neither formal nor non-formal education and training","Less than primary, primary and lower secondary education (levels 0-2)","Percentage",":","bu"
"2014","Lithuania","Females","From 15 to 19 years","Not employed persons","Neither formal nor non-formal education and training","Less than primary, primary and lower secondary education (levels 0-2)","Percentage",":","bu"
"2014","Luxembourg","Females","From 15 to 19 years","Not employed persons","Neither formal nor non-formal education and training","Less than primary, primary and lower secondary education (levels 0-2)","Percentage",":","bu"
"2014","Hungary","Females","From 15 to 19 years","Not employed persons","Neither formal nor non-formal education and training","Less than primary, primary and lower secondary education (levels 0-2)","Percentage","5.6","b"
"2014","Malta","Females","From 15 to 19 years","Not employed persons","Neither formal nor non-formal education and training","Less than primary, primary and lower secondary education (levels 0-2)","Percentage","8.7","b"
"2014","Netherlands","Females","From 15 to 19 years","Not employed persons","Neither formal nor non-formal education and training","Less than primary, primary and lower secondary education (levels 0-2)","Percentage","1.4","b"
"2014","Austria","Females","From 15 to 19 years","Not employed persons","Neither formal nor non-formal education and training","Less than primary, primary and lower secondary education (levels 0-2)","Percentage","3.7","b"
"2014","Poland","Females","From 15 to 19 years","Not employed persons","Neither formal nor non-formal education and training","Less than primary, primary and lower secondary education (levels 0-2)","Percentage","1.1","bu"
"2014","Portugal","Females","From 15 to 19 years","Not employed persons","Neither formal nor non-formal education and training","Less than primary, primary and lower secondary education (levels 0-2)","Percentage","2.6","b"
"2014","Romania","Females","From 15 to 19 years","Not employed persons","Neither formal nor non-formal education and training","Less than primary, primary and lower secondary education (levels 0-2)","Percentage","7.3","b"
"2014","Slovenia","Females","From 15 to 19 years","Not employed persons","Neither formal nor non-formal education and training","Less than primary, primary and lower secondary education (levels 0-2)","Percentage",":","bu"
"2014","Slovakia","Females","From 15 to 19 years","Not employed persons","Neither formal nor non-formal education and training","Less than primary, primary and lower secondary education (levels 0-2)","Percentage","3.6","b"
"2014","Finland","Females","From 15 to 19 years","Not employed persons","Neither formal nor non-formal education and training","Less than primary, primary and lower secondary education (levels 0-2)","Percentage","3.0","b"
"2014","Sweden","Females","From 15 to 19 years","Not employed persons","Neither formal nor non-formal education and training","Less than primary, primary and lower secondary education (levels 0-2)","Percentage","1.7","b"
"2014","United Kingdom","Females","From 15 to 19 years","Not employed persons","Neither formal nor non-formal education and training","Less than primary, primary and lower secondary education (levels 0-2)","Percentage","2.7","b"
"2015","European Union (28 countries)","Females","From 15 to 19 years","Not employed persons","Neither formal nor non-formal education and training","Less than primary, primary and lower secondary education (levels 0-2)","Percentage","3.5",""
"2015","European Union (27 countries)","Females","From 15 to 19 years","Not employed persons","Neither formal nor non-formal education and training","Less than primary, primary and lower secondary education (levels 0-2)","Percentage","3.5",""
"2015","Euro area (19 countries)","Females","From 15 to 19 years","Not employed persons","Neither formal nor non-formal education and training","Less than primary, primary and lower secondary education (levels 0-2)","Percentage","3.6",""
"2015","Euro area (18 countries)","Females","From 15 to 19 years","Not employed persons","Neither formal nor non-formal education and training","Less than primary, primary and lower secondary education (levels 0-2)","Percentage","3.6",""
"2015","Belgium","Females","From 15 to 19 years","Not employed persons","Neither formal nor non-formal education and training","Less than primary, primary and lower secondary education (levels 0-2)","Percentage","3.8",""
"2015","Bulgaria","Females","From 15 to 19 years","Not employed persons","Neither formal nor non-formal education and training","Less than primary, primary and lower secondary education (levels 0-2)","Percentage","9.5",""
"2015","Czech Republic","Females","From 15 to 19 years","Not employed persons","Neither formal nor non-formal education and training","Less than primary, primary and lower secondary education (levels 0-2)","Percentage","1.8",""
"2015","Denmark","Females","From 15 to 19 years","Not employed persons","Neither formal nor non-formal education and training","Less than primary, primary and lower secondary education (levels 0-2)","Percentage","1.7","u"
"2015","Germany (until 1990 former territory of the FRG)","Females","From 15 to 19 years","Not employed persons","Neither formal nor non-formal education and training","Less than primary, primary and lower secondary education (levels 0-2)","Percentage","2.3",""
"2015","Estonia","Females","From 15 to 19 years","Not employed persons","Neither formal nor non-formal education and training","Less than primary, primary and lower secondary education (levels 0-2)","Percentage",":","u"
"2015","Ireland","Females","From 15 to 19 years","Not employed persons","Neither formal nor non-formal education and training","Less than primary, primary and lower secondary education (levels 0-2)","Percentage","5.9",""
"2015","Greece","Females","From 15 to 19 years","Not employed persons","Neither formal nor non-formal education and training","Less than primary, primary and lower secondary education (levels 0-2)","Percentage","2.4",""
"2015","Spain","Females","From 15 to 19 years","Not employed persons","Neither formal nor non-formal education and training","Less than primary, primary and lower secondary education (levels 0-2)","Percentage","5.9",""
"2015","France","Females","From 15 to 19 years","Not employed persons","Neither formal nor non-formal education and training","Less than primary, primary and lower secondary education (levels 0-2)","Percentage","3.1",""
"2015","Croatia","Females","From 15 to 19 years","Not employed persons","Neither formal nor non-formal education and training","Less than primary, primary and lower secondary education (levels 0-2)","Percentage","1.8","u"
"2015","Italy","Females","From 15 to 19 years","Not employed persons","Neither formal nor non-formal education and training","Less than primary, primary and lower secondary education (levels 0-2)","Percentage","5.6",""
"2015","Cyprus","Females","From 15 to 19 years","Not employed persons","Neither formal nor non-formal education and training","Less than primary, primary and lower secondary education (levels 0-2)","Percentage","2.3","u"
"2015","Latvia","Females","From 15 to 19 years","Not employed persons","Neither formal nor non-formal education and training","Less than primary, primary and lower secondary education (levels 0-2)","Percentage",":","u"
"2015","Lithuania","Females","From 15 to 19 years","Not employed persons","Neither formal nor non-formal education and training","Less than primary, primary and lower secondary education (levels 0-2)","Percentage",":","u"
"2015","Luxembourg","Females","From 15 to 19 years","Not employed persons","Neither formal nor non-formal education and training","Less than primary, primary and lower secondary education (levels 0-2)","Percentage",":","bu"
"2015","Hungary","Females","From 15 to 19 years","Not employed persons","Neither formal nor non-formal education and training","Less than primary, primary and lower secondary education (levels 0-2)","Percentage","4.5","b"
"2015","Malta","Females","From 15 to 19 years","Not employed persons","Neither formal nor non-formal education and training","Less than primary, primary and lower secondary education (levels 0-2)","Percentage","6.7","u"
"2015","Netherlands","Females","From 15 to 19 years","Not employed persons","Neither formal nor non-formal education and training","Less than primary, primary and lower secondary education (levels 0-2)","Percentage","1.2",""
"2015","Austria","Females","From 15 to 19 years","Not employed persons","Neither formal nor non-formal education and training","Less than primary, primary and lower secondary education (levels 0-2)","Percentage","2.7",""
"2015","Poland","Females","From 15 to 19 years","Not employed persons","Neither formal nor non-formal education and training","Less than primary, primary and lower secondary education (levels 0-2)","Percentage","0.8","u"
"2015","Portugal","Females","From 15 to 19 years","Not employed persons","Neither formal nor non-formal education and training","Less than primary, primary and lower secondary education (levels 0-2)","Percentage","2.5",""
"2015","Romania","Females","From 15 to 19 years","Not employed persons","Neither formal nor non-formal education and training","Less than primary, primary and lower secondary education (levels 0-2)","Percentage","9.8",""
"2015","Slovenia","Females","From 15 to 19 years","Not employed persons","Neither formal nor non-formal education and training","Less than primary, primary and lower secondary education (levels 0-2)","Percentage","2.7","u"
"2015","Slovakia","Females","From 15 to 19 years","Not employed persons","Neither formal nor non-formal education and training","Less than primary, primary and lower secondary education (levels 0-2)","Percentage","4.0",""
"2015","Finland","Females","From 15 to 19 years","Not employed persons","Neither formal nor non-formal education and training","Less than primary, primary and lower secondary education (levels 0-2)","Percentage","3.6",""
"2015","Sweden","Females","From 15 to 19 years","Not employed persons","Neither formal nor non-formal education and training","Less than primary, primary and lower secondary education (levels 0-2)","Percentage","2.0",""
"2015","United Kingdom","Females","From 15 to 19 years","Not employed persons","Neither formal nor non-formal education and training","Less than primary, primary and lower secondary education (levels 0-2)","Percentage","2.5",""
